value,xtick
6.265750000000001,150
6.265750000000001,151
3.7747142857142855,152
3.7747142857142855,153
3.7747142857142855,154
4.539714285714287,155
4.539714285714287,156
4.539714285714287,157
2.719416666666666,158
2.719416666666666,159
2.719416666666666,160
2.9071666666666665,161
2.9071666666666665,162
2.9071666666666665,163
3.0262499999999997,164
3.0262499999999997,165
3.0262499999999997,166
3.0052,167
3.0052,168
3.0052,169
15.311666666666666,170
15.311666666666666,171
15.311666666666666,172
12.737666666666668,173
12.737666666666668,174
12.737666666666668,175
55.18978688524589,176
55.18978688524589,177
55.18978688524589,178
58.031874999999985,179
58.031874999999985,180
58.031874999999985,181
74.51205633802817,182
74.51205633802817,183
74.51205633802817,184
77.9816233766234,185
77.9816233766234,186
77.9816233766234,187
67.91199999999999,188
67.91199999999999,189
67.91199999999999,190
73.55934831460674,191
73.55934831460674,192
73.55934831460674,193
64.49985869565215,194
64.49985869565215,195
64.49985869565215,196
66.94100999999998,197
66.94100999999998,198
66.94100999999998,199
86.27071764705883,200
86.27071764705883,201
86.27071764705883,202
129.12863917525775,203
129.12863917525775,204
129.12863917525775,205
170.38895402298851,206
170.38895402298851,207
170.38895402298851,208
179.92478000000006,209
179.92478000000006,210
179.92478000000006,211
120.28513999999996,212
120.28513999999996,213
120.28513999999996,214
110.49402999999997,215
110.49402999999997,216
110.49402999999997,217
111.81177000000001,218
111.81177000000001,219
111.81177000000001,220
116.69808139534885,221
116.69808139534885,222
116.69808139534885,223
82.88559756097561,224
82.88559756097561,225
82.88559756097561,226
60.86511267605635,227
60.86511267605635,228
60.86511267605635,229
55.44551351351351,230
55.44551351351351,231
55.44551351351351,232
79.60309459459462,233
79.60309459459462,234
79.60309459459462,235
58.72061538461536,236
58.72061538461536,237
58.72061538461536,238
70.32976470588234,239
70.32976470588234,240
70.32976470588234,241
22.256069444444446,242
22.256069444444446,243
22.256069444444446,244
30.923023809523812,245
30.923023809523812,246
30.923023809523812,247
24.846179487179487,248
24.846179487179487,249
24.846179487179487,250
43.3275925925926,251
43.3275925925926,252
43.3275925925926,253
29.020576923076923,254
29.020576923076923,255
29.020576923076923,256
30.86903703703704,257
30.86903703703704,258
30.86903703703704,259
12.049538461538459,260
12.049538461538459,261
12.049538461538459,262
11.596970588235292,263
11.596970588235292,264
11.596970588235292,265
7.7160851063829785,266
7.7160851063829785,267
7.7160851063829785,268
10.3079375,269
10.3079375,270
10.3079375,271
3.359909090909092,272
3.359909090909092,273
3.359909090909092,274
40.1728,275
40.1728,276
40.1728,277
40.46596551724137,278
40.46596551724137,279
40.46596551724137,280
60.53077777777779,281
60.53077777777779,282
60.53077777777779,283
17.213735294117654,284
17.213735294117654,285
17.213735294117654,286
20.56478125,287
20.56478125,288
20.56478125,289
30.651173913043472,290
30.651173913043472,291
30.651173913043472,292
22.144333333333336,293
22.144333333333336,294
22.144333333333336,295
22.0763125,296
22.0763125,297
22.0763125,298
37.467461538461535,299
37.467461538461535,300
37.467461538461535,301
42.3577972972973,302
42.3577972972973,303
42.3577972972973,304
58.09292307692308,305
58.09292307692308,306
58.09292307692308,307
59.87327397260274,308
59.87327397260274,309
59.87327397260274,310
36.44387719298246,311
36.44387719298246,312
36.44387719298246,313
37.70390566037736,314
37.70390566037736,315
37.70390566037736,316
25.45831707317073,317
25.45831707317073,318
25.45831707317073,319
16.0586875,320
16.0586875,321
16.0586875,322
13.02343902439025,323
13.02343902439025,324
13.02343902439025,325
12.829482142857147,326
12.829482142857147,327
12.829482142857147,328
8.470199999999998,329
8.470199999999998,330
8.470199999999998,331
6.255844444444444,332
6.255844444444444,333
6.255844444444444,334
10.734562500000001,335
10.734562500000001,336
10.734562500000001,337
5.858605263157895,338
5.858605263157895,339
5.858605263157895,340
6.388433333333333,341
6.388433333333333,342
6.388433333333333,343
7.109615384615386,344
7.109615384615386,345
7.109615384615386,346
3.7404705882352935,347
3.7404705882352935,348
3.7404705882352935,349
3.2798000000000003,350
3.2798000000000003,351
3.2798000000000003,352
7.484291666666668,353
7.484291666666668,354
7.484291666666668,355
6.593361111111114,356
6.593361111111114,357
6.593361111111114,358
8.066851851851855,359
8.066851851851855,360
8.066851851851855,361
36.49540476190476,362
36.49540476190476,363
36.49540476190476,364
40.587714285714306,365
40.587714285714306,366
40.587714285714306,367
33.78506000000001,368
33.78506000000001,369
33.78506000000001,370
12.908475,371
12.908475,372
12.908475,373
56.63892753623189,374
56.63892753623189,375
56.63892753623189,376
64.47612121212121,377
64.47612121212121,378
64.47612121212121,379
74.73986000000002,380
74.73986000000002,381
74.73986000000002,382
84.04363043478257,383
84.04363043478257,384
84.04363043478257,385
128.20176,386
128.20176,387
128.20176,388
130.93024000000003,389
130.93024000000003,390
130.93024000000003,391
119.11580000000004,392
119.11580000000004,393
119.11580000000004,394
122.37028000000008,395
122.37028000000008,396
122.37028000000008,397
126.90771,398
126.90771,399
126.90771,400
125.33810000000003,401
125.33810000000003,402
125.33810000000003,403
168.15289,404
168.15289,405
168.15289,406
168.90555999999992,407
168.90555999999992,408
168.90555999999992,409
171.40819587628866,410
171.40819587628866,411
171.40819587628866,412
184.71292708333326,413
184.71292708333326,414
184.71292708333326,415
131.74364130434785,416
131.74364130434785,417
131.74364130434785,418
135.35583000000008,419
135.35583000000008,420
135.35583000000008,421
98.52214285714288,422
98.52214285714288,423
98.52214285714288,424
79.05183000000001,425
79.05183000000001,426
79.05183000000001,427
64.48522999999999,428
64.48522999999999,429
64.48522999999999,430
63.96727,431
63.96727,432
63.96727,433
64.05632291666667,434
64.05632291666667,435
64.05632291666667,436
54.03584931506849,437
54.03584931506849,438
54.03584931506849,439
52.775063492063495,440
52.775063492063495,441
52.775063492063495,442
25.504428571428566,443
25.504428571428566,444
25.504428571428566,445
21.468357142857137,446
21.468357142857137,447
21.468357142857137,448
26.757424242424236,449
26.757424242424236,450
26.757424242424236,451
14.32825,452
14.32825,453
14.32825,454
3.404590909090909,455
3.404590909090909,456
3.404590909090909,457
2.6109047619047616,458
2.6109047619047616,459
2.6109047619047616,460
9.58730434782609,461
9.58730434782609,462
9.58730434782609,463
10.030391304347825,464
10.030391304347825,465
10.030391304347825,466
8.691821428571428,467
8.691821428571428,468
8.691821428571428,469
3.2988064516129034,470
3.2988064516129034,471
3.2988064516129034,472
9.776319999999998,473
9.776319999999998,474
9.776319999999998,475
9.45816129032258,476
9.45816129032258,477
9.45816129032258,478
11.73958333333333,479
11.73958333333333,480
11.73958333333333,481
5.364913043478261,482
5.364913043478261,483
5.364913043478261,484
4.6856,485
4.6856,486
4.6856,487
3.720653846153845,488
3.720653846153845,489
3.720653846153845,490
7.887571428571428,491
7.887571428571428,492
7.887571428571428,493
6.630227272727276,494
6.630227272727276,495
6.630227272727276,496
8.113647058823531,497
8.113647058823531,498
8.113647058823531,499
4.865105263157895,500
4.865105263157895,501
4.865105263157895,502
3.446000000000001,503
3.446000000000001,504
3.446000000000001,505
4.7010000000000005,506
4.7010000000000005,507
4.7010000000000005,508
5.30042105263158,509
5.30042105263158,510
5.30042105263158,511
5.123619047619049,512
5.123619047619049,513
5.123619047619049,514
9.611066666666668,515
9.611066666666668,516
9.611066666666668,517
8.73611111111111,518
8.73611111111111,519
8.73611111111111,520
29.081849999999996,521
29.081849999999996,522
29.081849999999996,523
22.792692307692313,524
22.792692307692313,525
22.792692307692313,526
19.25103703703704,527
19.25103703703704,528
19.25103703703704,529
15.453892857142858,530
15.453892857142858,531
15.453892857142858,532
6.2291904761904755,533
6.2291904761904755,534
6.2291904761904755,535
5.081904761904761,536
5.081904761904761,537
5.081904761904761,538
10.824866666666667,539
10.824866666666667,540
10.824866666666667,541
6.993823529411763,542
6.993823529411763,543
6.993823529411763,544
7.184812499999998,545
7.184812499999998,546
7.184812499999998,547
6.92970588235294,548
6.92970588235294,549
6.92970588235294,550
22.6643125,551
22.6643125,552
22.6643125,553
18.62855,554
18.62855,555
18.62855,556
34.58505,557
34.58505,558
34.58505,559
15.809346153846153,560
15.809346153846153,561
15.809346153846153,562
20.738727272727274,563
20.738727272727274,564
20.738727272727274,565
18.221538461538458,566
18.221538461538458,567
18.221538461538458,568
6.747454545454546,569
6.747454545454546,570
6.747454545454546,571
6.234107142857143,572
6.234107142857143,573
6.234107142857143,574
3.5614545454545454,575
3.5614545454545454,576
3.5614545454545454,577
3.2453750000000006,578
3.2453750000000006,579
3.2453750000000006,580
3.2206666666666663,581
3.2206666666666663,582
3.2206666666666663,583
3.042263157894737,584
3.042263157894737,585
3.042263157894737,586
9.894956521739129,587
9.894956521739129,588
9.894956521739129,589
9.819833333333333,590
9.819833333333333,591
9.819833333333333,592
10.229608695652175,593
10.229608695652175,594
10.229608695652175,595
9.808041666666666,596
9.808041666666666,597
9.808041666666666,598
3.226461538461538,599
3.226461538461538,600
3.226461538461538,601
3.1333157894736843,602
3.1333157894736843,603
3.1333157894736843,604
3.0097500000000004,605
3.0097500000000004,606
3.0097500000000004,607
4.410263157894737,608
4.410263157894737,609
4.410263157894737,610
4.88823076923077,611
4.88823076923077,612
4.88823076923077,613
4.181090909090909,614
4.181090909090909,615
4.181090909090909,616
5.920368421052633,617
5.920368421052633,618
5.920368421052633,619
4.8342857142857145,620
4.8342857142857145,621
4.8342857142857145,622
5.267826086956523,623
5.267826086956523,624
5.267826086956523,625
4.93675,626
4.93675,627
4.93675,628
11.822199999999997,629
11.822199999999997,630
11.822199999999997,631
8.173375,632
8.173375,633
8.173375,634
36.73570270270271,635
36.73570270270271,636
36.73570270270271,637
52.32151562499999,638
52.32151562499999,639
52.32151562499999,640
81.58169811320752,641
81.58169811320752,642
81.58169811320752,643
78.90099999999998,644
78.90099999999998,645
78.90099999999998,646
98.44781967213112,647
98.44781967213112,648
98.44781967213112,649
94.87488095238099,650
94.87488095238099,651
94.87488095238099,652
90.87779166666668,653
90.87779166666668,654
90.87779166666668,655
109.75512999999997,656
109.75512999999997,657
109.75512999999997,658
115.53954444444446,659
115.53954444444446,660
115.53954444444446,661
113.44079999999997,662
113.44079999999997,663
113.44079999999997,664
123.54176999999994,665
123.54176999999994,666
123.54176999999994,667
79.14908999999997,668
79.14908999999997,669
79.14908999999997,670
117.51826999999994,671
117.51826999999994,672
117.51826999999994,673
111.81857000000004,674
111.81857000000004,675
111.81857000000004,676
93.05097959183672,677
93.05097959183672,678
93.05097959183672,679
66.77083116883117,680
66.77083116883117,681
66.77083116883117,682
66.624225,683
66.624225,684
66.624225,685
72.29565333333332,686
72.29565333333332,687
72.29565333333332,688
68.90570238095239,689
68.90570238095239,690
68.90570238095239,691
55.733738095238095,692
55.733738095238095,693
55.733738095238095,694
41.89763218390806,695
41.89763218390806,696
41.89763218390806,697
26.552911764705886,698
26.552911764705886,699
26.552911764705886,700
17.48343333333333,701
17.48343333333333,702
17.48343333333333,703
11.687452380952383,704
11.687452380952383,705
11.687452380952383,706
9.366581395348838,707
9.366581395348838,708
9.366581395348838,709
7.63178048780488,710
7.63178048780488,711
7.63178048780488,712
7.049333333333333,713
7.049333333333333,714
7.049333333333333,715
3.288558823529411,716
3.288558823529411,717
3.288558823529411,718
4.867878787878788,719
4.867878787878788,720
4.867878787878788,721
5.0937,722
5.0937,723
5.0937,724
4.792685714285715,725
4.792685714285715,726
4.792685714285715,727
6.694578947368421,728
6.694578947368421,729
6.694578947368421,730
6.030285714285717,731
6.030285714285717,732
6.030285714285717,733
5.911914285714288,734
5.911914285714288,735
5.911914285714288,736
6.483945945945945,737
6.483945945945945,738
6.483945945945945,739
3.1636875,740
3.1636875,741
3.1636875,742
3.3721666666666668,743
3.3721666666666668,744
3.3721666666666668,745
2.5234545454545447,746
2.5234545454545447,747
2.5234545454545447,748
6.7179534883720935,749
6.7179534883720935,750
6.7179534883720935,751
26.58096,752
26.58096,753
26.58096,754
30.19579032258064,755
30.19579032258064,756
30.19579032258064,757
33.818385714285725,758
33.818385714285725,759
33.818385714285725,760
43.440051948051945,761
43.440051948051945,762
43.440051948051945,763
37.9126835443038,764
37.9126835443038,765
37.9126835443038,766
40.90133783783783,767
40.90133783783783,768
40.90133783783783,769
33.36367647058823,770
33.36367647058823,771
33.36367647058823,772
24.347148148148147,773
24.347148148148147,774
24.347148148148147,775
20.765869565217386,776
20.765869565217386,777
20.765869565217386,778
20.151766666666663,779
20.151766666666663,780
20.151766666666663,781
18.166733333333333,782
18.166733333333333,783
18.166733333333333,784
20.185444444444446,785
20.185444444444446,786
20.185444444444446,787
10.504361111111109,788
10.504361111111109,789
10.504361111111109,790
11.489650000000001,791
11.489650000000001,792
11.489650000000001,793
8.347571428571428,794
8.347571428571428,795
8.347571428571428,796
8.346916666666667,797
8.346916666666667,798
8.346916666666667,799
5.556066666666667,800
5.556066666666667,801
5.556066666666667,802
11.000457142857144,803
11.000457142857144,804
11.000457142857144,805
10.850861111111108,806
10.850861111111108,807
10.850861111111108,808
14.278807692307696,809
14.278807692307696,810
14.278807692307696,811
8.294518518518519,812
8.294518518518519,813
8.294518518518519,814
14.598846153846154,815
14.598846153846154,816
14.598846153846154,817
3.9817272727272726,818
3.9817272727272726,819
3.9817272727272726,820
2.67665,821
2.67665,822
2.67665,823
4.521764705882353,824
4.521764705882353,825
4.521764705882353,826
26.099511111111106,827
26.099511111111106,828
26.099511111111106,829
22.67258490566038,830
22.67258490566038,831
22.67258490566038,832
48.423444444444435,833
48.423444444444435,834
48.423444444444435,835
43.26579104477613,836
43.26579104477613,837
43.26579104477613,838
90.16718918918913,839
90.16718918918913,840
90.16718918918913,841
87.64632608695649,842
87.64632608695649,843
87.64632608695649,844
131.58028735632183,845
131.58028735632183,846
131.58028735632183,847
89.64469,848
89.64469,849
89.64469,850
114.09696249999993,851
114.09696249999993,852
114.09696249999993,853
97.41568000000007,854
97.41568000000007,855
97.41568000000007,856
154.54831578947363,857
154.54831578947363,858
154.54831578947363,859
164.1237500000001,860
164.1237500000001,861
164.1237500000001,862
195.7258673469388,863
195.7258673469388,864
195.7258673469388,865
145.33512,866
145.33512,867
145.33512,868
210.51037894736842,869
210.51037894736842,870
210.51037894736842,871
169.20586999999995,872
169.20586999999995,873
169.20586999999995,874
172.44361,875
172.44361,876
172.44361,877
102.84696999999998,878
102.84696999999998,879
102.84696999999998,880
108.59681,881
108.59681,882
108.59681,883
57.74390999999997,884
57.74390999999997,885
57.74390999999997,886
59.84978888888887,887
59.84978888888887,888
59.84978888888887,889
65.8642891566265,890
65.8642891566265,891
65.8642891566265,892
46.6066857142857,893
46.6066857142857,894
46.6066857142857,895
53.114648148148135,896
53.114648148148135,897
53.114648148148135,898
33.20488888888888,899
33.20488888888888,900
33.20488888888888,901
25.75605555555555,902
25.75605555555555,903
25.75605555555555,904
7.71858064516129,905
7.71858064516129,906
7.71858064516129,907
8.859115384615384,908
8.859115384615384,909
8.859115384615384,910
9.730739130434783,911
9.730739130434783,912
9.730739130434783,913
2.49,914
2.49,915
2.49,916
3.1613181818181815,917
3.1613181818181815,918
3.1613181818181815,919
3.3746785714285714,920
3.3746785714285714,921
3.3746785714285714,922
3.7024074074074074,923
3.7024074074074074,924
3.7024074074074074,925
6.74373076923077,926
6.74373076923077,927
6.74373076923077,928
6.6415185185185175,929
6.6415185185185175,930
6.6415185185185175,931
6.991785714285713,932
6.991785714285713,933
6.991785714285713,934
6.187875000000001,935
6.187875000000001,936
6.187875000000001,937
7.184772727272729,938
7.184772727272729,939
7.184772727272729,940
6.324222222222221,941
6.324222222222221,942
6.324222222222221,943
7.26126923076923,944
7.26126923076923,945
7.26126923076923,946
4.924517241379311,947
4.924517241379311,948
4.924517241379311,949
5.460678571428572,950
5.460678571428572,951
5.460678571428572,952
6.413217391304348,953
6.413217391304348,954
6.413217391304348,955
5.848190476190477,956
5.848190476190477,957
5.848190476190477,958
6.446722222222223,959
6.446722222222223,960
6.446722222222223,961
5.4660625000000005,962
5.4660625000000005,963
5.4660625000000005,964
3.2063333333333337,965
3.2063333333333337,966
3.2063333333333337,967
5.884076923076924,968
5.884076923076924,969
5.884076923076924,970
5.117176470588235,971
5.117176470588235,972
5.117176470588235,973
7.393799999999999,974
7.393799999999999,975
7.393799999999999,976
7.405125,977
7.405125,978
7.405125,979
4.746882352941176,980
4.746882352941176,981
4.746882352941176,982
5.439066666666667,983
5.439066666666667,984
5.439066666666667,985
5.731347826086957,986
5.731347826086957,987
5.731347826086957,988
6.001166666666667,989
6.001166666666667,990
6.001166666666667,991
5.8035000000000005,992
5.8035000000000005,993
5.8035000000000005,994
5.634,995
5.634,996
5.634,997
7.0318999999999985,998
7.0318999999999985,999
7.0318999999999985,1000
6.963000000000001,1001
6.963000000000001,1002
6.963000000000001,1003
5.46508,1004
5.46508,1005
5.46508,1006
6.48548,1007
6.48548,1008
6.48548,1009
6.78888888888889,1010
6.78888888888889,1011
6.78888888888889,1012
7.772814814814812,1013
7.772814814814812,1014
7.772814814814812,1015
21.333642857142856,1016
21.333642857142856,1017
21.333642857142856,1018
17.282888888888884,1019
17.282888888888884,1020
17.282888888888884,1021
22.088093749999995,1022
22.088093749999995,1023
22.088093749999995,1024
22.79158064516129,1025
22.79158064516129,1026
22.79158064516129,1027
15.074480000000001,1028
15.074480000000001,1029
15.074480000000001,1030
21.201411764705888,1031
21.201411764705888,1032
21.201411764705888,1033
9.242050000000003,1034
9.242050000000003,1035
9.242050000000003,1036
9.510105263157895,1037
9.510105263157895,1038
9.510105263157895,1039
4.071150000000001,1040
4.071150000000001,1041
4.071150000000001,1042
4.5886818181818185,1043
4.5886818181818185,1044
4.5886818181818185,1045
5.9467058823529415,1046
5.9467058823529415,1047
5.9467058823529415,1048
5.668950000000001,1049
5.668950000000001,1050
5.668950000000001,1051
5.90275,1052
5.90275,1053
5.90275,1054
6.374421052631578,1055
6.374421052631578,1056
6.374421052631578,1057
11.863083333333334,1058
11.863083333333334,1059
11.863083333333334,1060
13.27557142857143,1061
13.27557142857143,1062
13.27557142857143,1063
15.276560000000002,1064
15.276560000000002,1065
15.276560000000002,1066
13.57003448275862,1067
13.57003448275862,1068
13.57003448275862,1069
5.852357142857142,1070
5.852357142857142,1071
5.852357142857142,1072
7.102,1073
7.102,1074
7.102,1075
23.427500000000002,1076
23.427500000000002,1077
23.427500000000002,1078
25.218633333333337,1079
25.218633333333337,1080
25.218633333333337,1081
23.835588235294118,1082
23.835588235294118,1083
23.835588235294118,1084
22.216699999999996,1085
22.216699999999996,1086
22.216699999999996,1087
10.88719047619048,1088
10.88719047619048,1089
10.88719047619048,1090
10.88719047619048,1091
10.88719047619048,1092
10.88719047619048,1093
16.4044,1094
16.4044,1095
16.4044,1096
48.57439393939393,1097
48.57439393939393,1098
48.57439393939393,1099
57.04174,1100
57.04174,1101
57.04174,1102
48.08420547945206,1103
48.08420547945206,1104
48.08420547945206,1105
35.84155421686746,1106
35.84155421686746,1107
35.84155421686746,1108
67.51093150684932,1109
67.51093150684932,1110
67.51093150684932,1111
77.86325581395344,1112
77.86325581395344,1113
77.86325581395344,1114
98.39789610389609,1115
98.39789610389609,1116
98.39789610389609,1117
69.12892771084336,1118
69.12892771084336,1119
69.12892771084336,1120
75.13373972602739,1121
75.13373972602739,1122
75.13373972602739,1123
65.64421276595743,1124
65.64421276595743,1125
65.64421276595743,1126
91.16356521739127,1127
91.16356521739127,1128
91.16356521739127,1129
78.90005000000002,1130
78.90005000000002,1131
78.90005000000002,1132
97.09328124999998,1133
97.09328124999998,1134
97.09328124999998,1135
88.52851000000003,1136
88.52851000000003,1137
88.52851000000003,1138
90.3073670886076,1139
90.3073670886076,1140
90.3073670886076,1141
95.98036585365857,1142
95.98036585365857,1143
95.98036585365857,1144
70.53901515151513,1145
70.53901515151513,1146
70.53901515151513,1147
51.16203947368423,1148
51.16203947368423,1149
51.16203947368423,1150
43.590016129032264,1151
43.590016129032264,1152
43.590016129032264,1153
50.77176923076924,1154
50.77176923076924,1155
50.77176923076924,1156
61.089909090909096,1157
61.089909090909096,1158
61.089909090909096,1159
55.778625000000005,1160
55.778625000000005,1161
55.778625000000005,1162
32.104119047619044,1163
32.104119047619044,1164
32.104119047619044,1165
16.567391304347826,1166
16.567391304347826,1167
16.567391304347826,1168
23.386307692307685,1169
23.386307692307685,1170
23.386307692307685,1171
18.160324999999997,1172
18.160324999999997,1173
18.160324999999997,1174
34.059939393939395,1175
34.059939393939395,1176
34.059939393939395,1177
40.64759999999999,1178
40.64759999999999,1179
40.64759999999999,1180
40.80555319148936,1181
40.80555319148936,1182
40.80555319148936,1183
51.84969565217392,1184
51.84969565217392,1185
51.84969565217392,1186
41.97126315789474,1187
41.97126315789474,1188
41.97126315789474,1189
29.784029411764703,1190
29.784029411764703,1191
29.784029411764703,1192
25.789214285714287,1193
25.789214285714287,1194
25.789214285714287,1195
16.32627659574468,1196
16.32627659574468,1197
16.32627659574468,1198
14.826500000000001,1199
14.826500000000001,1200
14.826500000000001,1201
19.53665454545455,1202
19.53665454545455,1203
19.53665454545455,1204
16.924800000000005,1205
16.924800000000005,1206
16.924800000000005,1207
51.085726027397264,1208
51.085726027397264,1209
51.085726027397264,1210
59.16533333333333,1211
59.16533333333333,1212
59.16533333333333,1213
62.71345205479452,1214
62.71345205479452,1215
62.71345205479452,1216
30.250847457627117,1217
30.250847457627117,1218
30.250847457627117,1219
48.640692307692305,1220
48.640692307692305,1221
48.640692307692305,1222
36.17598214285716,1223
36.17598214285716,1224
36.17598214285716,1225
50.0892295081967,1226
50.0892295081967,1227
50.0892295081967,1228
34.92447368421053,1229
34.92447368421053,1230
34.92447368421053,1231
36.310176470588246,1232
36.310176470588246,1233
36.310176470588246,1234
24.73613207547171,1235
24.73613207547171,1236
24.73613207547171,1237
14.838666666666663,1238
14.838666666666663,1239
14.838666666666663,1240
9.270432432432433,1241
9.270432432432433,1242
9.270432432432433,1243
4.095035714285715,1244
4.095035714285715,1245
4.095035714285715,1246
3.117291666666667,1247
3.117291666666667,1248
3.117291666666667,1249
8.107285714285712,1250
8.107285714285712,1251
8.107285714285712,1252
9.260583333333333,1253
9.260583333333333,1254
9.260583333333333,1255
9.940619047619046,1256
9.940619047619046,1257
9.940619047619046,1258
7.049599999999998,1259
7.049599999999998,1260
7.049599999999998,1261
2.3084,1262
2.3084,1263
2.3084,1264
3.0669,1265
3.0669,1266
3.0669,1267
2.9437142857142855,1268
2.9437142857142855,1269
2.9437142857142855,1270
3.4577619047619046,1271
3.4577619047619046,1272
3.4577619047619046,1273
3.1948499999999997,1274
3.1948499999999997,1275
3.1948499999999997,1276
3.4487826086956517,1277
3.4487826086956517,1278
3.4487826086956517,1279
13.7965652173913,1280
13.7965652173913,1281
13.7965652173913,1282
13.103559999999998,1283
13.103559999999998,1284
13.103559999999998,1285
24.32561111111111,1286
24.32561111111111,1287
24.32561111111111,1288
24.266568181818183,1289
24.266568181818183,1290
24.266568181818183,1291
50.09008955223883,1292
50.09008955223883,1293
50.09008955223883,1294
63.771358974358975,1295
63.771358974358975,1296
63.771358974358975,1297
83.42151162790697,1298
83.42151162790697,1299
83.42151162790697,1300
63.38401999999997,1301
63.38401999999997,1302
63.38401999999997,1303
68.86452,1304
68.86452,1305
68.86452,1306
69.03855000000003,1307
69.03855000000003,1308
69.03855000000003,1309
77.51358000000003,1310
77.51358000000003,1311
77.51358000000003,1312
80.9169,1313
80.9169,1314
80.9169,1315
104.46668,1316
104.46668,1317
104.46668,1318
144.01170999999997,1319
144.01170999999997,1320
144.01170999999997,1321
145.90025999999997,1322
145.90025999999997,1323
145.90025999999997,1324
155.5287299999999,1325
155.5287299999999,1326
155.5287299999999,1327
155.12535999999997,1328
155.12535999999997,1329
155.12535999999997,1330
153.15221999999994,1331
153.15221999999994,1332
153.15221999999994,1333
148.5256699999999,1334
148.5256699999999,1335
148.5256699999999,1336
147.31645999999998,1337
147.31645999999998,1338
147.31645999999998,1339
80.50111,1340
80.50111,1341
80.50111,1342
105.66125882352942,1343
105.66125882352942,1344
105.66125882352942,1345
92.64405154639175,1346
92.64405154639175,1347
92.64405154639175,1348
88.16737313432836,1349
88.16737313432836,1350
88.16737313432836,1351
49.21645333333335,1352
49.21645333333335,1353
49.21645333333335,1354
10.835214285714288,1355
10.835214285714288,1356
10.835214285714288,1357
10.860777777777777,1358
10.860777777777777,1359
10.860777777777777,1360
7.519935483870966,1361
7.519935483870966,1362
7.519935483870966,1363
7.430500000000001,1364
7.430500000000001,1365
7.430500000000001,1366
2.95096551724138,1367
2.95096551724138,1368
2.95096551724138,1369
2.6279629629629633,1370
2.6279629629629633,1371
2.6279629629629633,1372
3.4963461538461544,1373
3.4963461538461544,1374
3.4963461538461544,1375
3.3207586206896544,1376
3.3207586206896544,1377
3.3207586206896544,1378
3.1141153846153853,1379
3.1141153846153853,1380
3.1141153846153853,1381
2.3108181818181817,1382
2.3108181818181817,1383
2.3108181818181817,1384
2.4237272727272727,1385
2.4237272727272727,1386
2.4237272727272727,1387
2.4493,1388
2.4493,1389
2.4493,1390
4.518291666666667,1391
4.518291666666667,1392
4.518291666666667,1393
4.356807692307693,1394
4.356807692307693,1395
4.356807692307693,1396
5.182631578947368,1397
5.182631578947368,1398
5.182631578947368,1399
2.0758,1400
2.0758,1401
2.0758,1402
8.240599999999999,1403
8.240599999999999,1404
8.240599999999999,1405
7.214421052631578,1406
7.214421052631578,1407
7.214421052631578,1408
7.936588235294117,1409
7.936588235294117,1410
7.936588235294117,1411
2.310666666666667,1412
2.310666666666667,1413
2.310666666666667,1414
2.145285714285714,1415
2.145285714285714,1416
2.145285714285714,1417
2.0263125,1418
2.0263125,1419
2.0263125,1420
2.0984285714285713,1421
2.0984285714285713,1422
2.0984285714285713,1423
2.0998235294117644,1424
2.0998235294117644,1425
2.0998235294117644,1426
1.8929999999999996,1427
1.8929999999999996,1428
1.8929999999999996,1429
2.165583333333333,1430
2.165583333333333,1431
2.165583333333333,1432
8.44788,1433
8.44788,1434
8.44788,1435
8.310500000000003,1436
8.310500000000003,1437
8.310500000000003,1438
10.873700000000001,1439
10.873700000000001,1440
10.873700000000001,1441
11.05255,1442
11.05255,1443
11.05255,1444
12.7725625,1445
12.7725625,1446
12.7725625,1447
13.049687500000001,1448
13.049687500000001,1449
13.049687500000001,1450
11.898823529411764,1451
11.898823529411764,1452
11.898823529411764,1453
12.3805625,1454
12.3805625,1455
12.3805625,1456
2.420176470588235,1457
2.420176470588235,1458
2.420176470588235,1459
2.646,1460
2.646,1461
2.646,1462
5.92615,1463
5.92615,1464
5.92615,1465
5.328347826086955,1466
5.328347826086955,1467
5.328347826086955,1468
6.320117647058825,1469
6.320117647058825,1470
6.320117647058825,1471
5.379347826086955,1472
5.379347826086955,1473
5.379347826086955,1474
2.2288888888888883,1475
2.2288888888888883,1476
2.2288888888888883,1477
2.4261428571428576,1478
2.4261428571428576,1479
2.4261428571428576,1480
2.2849473684210526,1481
2.2849473684210526,1482
2.2849473684210526,1483
2.8254499999999996,1484
2.8254499999999996,1485
2.8254499999999996,1486
6.5511,1487
6.5511,1488
6.5511,1489
6.94693103448276,1490
6.94693103448276,1491
6.94693103448276,1492
6.839931034482759,1493
6.839931034482759,1494
6.839931034482759,1495
6.751965517241379,1496
6.751965517241379,1497
6.751965517241379,1498
3.559903225806452,1499
3.559903225806452,1500
3.559903225806452,1501
2.322047619047619,1502
2.322047619047619,1503
2.322047619047619,1504
17.966347826086956,1505
17.966347826086956,1506
17.966347826086956,1507
18.635079999999995,1508
18.635079999999995,1509
18.635079999999995,1510
20.10591304347826,1511
20.10591304347826,1512
20.10591304347826,1513
20.281521739130433,1514
20.281521739130433,1515
20.281521739130433,1516
6.780142857142858,1517
6.780142857142858,1518
6.780142857142858,1519
5.2300625,1520
5.2300625,1521
5.2300625,1522
5.789999999999998,1523
5.789999999999998,1524
5.789999999999998,1525
4.7523333333333335,1526
4.7523333333333335,1527
4.7523333333333335,1528
2.5654999999999992,1529
2.5654999999999992,1530
2.5654999999999992,1531
2.4516315789473686,1532
2.4516315789473686,1533
2.4516315789473686,1534
2.206045454545455,1535
2.206045454545455,1536
2.206045454545455,1537
2.1805789473684207,1538
2.1805789473684207,1539
2.1805789473684207,1540
8.80194736842105,1541
8.80194736842105,1542
8.80194736842105,1543
8.067545454545455,1544
8.067545454545455,1545
8.067545454545455,1546
13.655035714285717,1547
13.655035714285717,1548
13.655035714285717,1549
12.205421052631579,1550
12.205421052631579,1551
12.205421052631579,1552
15.051131578947365,1553
15.051131578947365,1554
15.051131578947365,1555
30.913891891891893,1556
30.913891891891893,1557
30.913891891891893,1558
40.4024375,1559
40.4024375,1560
40.4024375,1561
63.90603636363637,1562
63.90603636363637,1563
63.90603636363637,1564
68.60914084507043,1565
68.60914084507043,1566
68.60914084507043,1567
64.70907812499999,1568
64.70907812499999,1569
64.70907812499999,1570
60.354098765432106,1571
60.354098765432106,1572
60.354098765432106,1573
51.55309722222221,1574
51.55309722222221,1575
51.55309722222221,1576
78.83111827956988,1577
78.83111827956988,1578
78.83111827956988,1579
113.92701351351349,1580
113.92701351351349,1581
113.92701351351349,1582
114.35602999999999,1583
114.35602999999999,1584
114.35602999999999,1585
145.60784615384617,1586
145.60784615384617,1587
145.60784615384617,1588
123.31115000000005,1589
123.31115000000005,1590
123.31115000000005,1591
126.27508823529412,1592
126.27508823529412,1593
126.27508823529412,1594
109.8283863636364,1595
109.8283863636364,1596
109.8283863636364,1597
93.41087692307693,1598
93.41087692307693,1599
93.41087692307693,1600
56.71492045454546,1601
56.71492045454546,1602
56.71492045454546,1603
42.74595384615383,1604
42.74595384615383,1605
42.74595384615383,1606
38.014166666666675,1607
38.014166666666675,1608
38.014166666666675,1609
62.578415094339604,1610
62.578415094339604,1611
62.578415094339604,1612
55.44135714285716,1613
55.44135714285716,1614
55.44135714285716,1615
61.50414285714284,1616
61.50414285714284,1617
61.50414285714284,1618
42.5486557377049,1619
42.5486557377049,1620
42.5486557377049,1621
15.892500000000004,1622
15.892500000000004,1623
15.892500000000004,1624
13.159666666666665,1625
13.159666666666665,1626
13.159666666666665,1627
14.862133333333333,1628
14.862133333333333,1629
14.862133333333333,1630
12.769355555555554,1631
12.769355555555554,1632
12.769355555555554,1633
13.663694444444442,1634
13.663694444444442,1635
13.663694444444442,1636
11.634679245283019,1637
11.634679245283019,1638
11.634679245283019,1639
4.440571428571431,1640
4.440571428571431,1641
4.440571428571431,1642
4.715027027027029,1643
4.715027027027029,1644
4.715027027027029,1645
5.468,1646
5.468,1647
5.468,1648
15.141300000000003,1649
15.141300000000003,1650
15.141300000000003,1651
15.554103448275864,1652
15.554103448275864,1653
15.554103448275864,1654
12.763348837209303,1655
12.763348837209303,1656
12.763348837209303,1657
3.9823,1658
3.9823,1659
3.9823,1660
10.09070454545454,1661
10.09070454545454,1662
10.09070454545454,1663
8.878243902439023,1664
8.878243902439023,1665
8.878243902439023,1666
21.248815789473685,1667
21.248815789473685,1668
21.248815789473685,1669
14.719488372093025,1670
14.719488372093025,1671
14.719488372093025,1672
13.25086363636364,1673
13.25086363636364,1674
13.25086363636364,1675
4.9193999999999996,1676
4.9193999999999996,1677
4.9193999999999996,1678
7.137150000000001,1679
7.137150000000001,1680
7.137150000000001,1681
7.625583333333334,1682
7.625583333333334,1683
7.625583333333334,1684
8.166448275862068,1685
8.166448275862068,1686
8.166448275862068,1687
6.871100000000001,1688
6.871100000000001,1689
6.871100000000001,1690
5.045112903225807,1691
5.045112903225807,1692
5.045112903225807,1693
3.659094594594595,1694
3.659094594594595,1695
3.659094594594595,1696
4.954954545454545,1697
4.954954545454545,1698
4.954954545454545,1699
4.899676923076923,1700
4.899676923076923,1701
4.899676923076923,1702
6.804608695652174,1703
6.804608695652174,1704
6.804608695652174,1705
6.599199999999998,1706
6.599199999999998,1707
6.599199999999998,1708
5.571548387096774,1709
5.571548387096774,1710
5.571548387096774,1711
3.6107804878048793,1712
3.6107804878048793,1713
3.6107804878048793,1714
2.7723333333333335,1715
2.7723333333333335,1716
2.7723333333333335,1717
2.8010465116279075,1718
2.8010465116279075,1719
2.8010465116279075,1720
2.796361111111111,1721
2.796361111111111,1722
2.796361111111111,1723
2.848294117647059,1724
2.848294117647059,1725
2.848294117647059,1726
3.384068965517241,1727
3.384068965517241,1728
3.384068965517241,1729
3.416962962962963,1730
3.416962962962963,1731
3.416962962962963,1732
3.522764705882353,1733
3.522764705882353,1734
3.522764705882353,1735
3.289173913043478,1736
3.289173913043478,1737
3.289173913043478,1738
7.28253125,1739
7.28253125,1740
7.28253125,1741
10.954812500000001,1742
10.954812500000001,1743
10.954812500000001,1744
20.44622641509434,1745
20.44622641509434,1746
20.44622641509434,1747
18.979155172413797,1748
18.979155172413797,1749
18.979155172413797,1750
32.114017857142855,1751
32.114017857142855,1752
32.114017857142855,1753
37.62161538461537,1754
37.62161538461537,1755
37.62161538461537,1756
103.96897014925372,1757
103.96897014925372,1758
103.96897014925372,1759
111.13251807228917,1760
111.13251807228917,1761
111.13251807228917,1762
151.18083333333334,1763
151.18083333333334,1764
151.18083333333334,1765
151.46390588235298,1766
151.46390588235298,1767
151.46390588235298,1768
104.06043037974683,1769
104.06043037974683,1770
104.06043037974683,1771
108.57853535353537,1772
108.57853535353537,1773
108.57853535353537,1774
116.21119565217391,1775
116.21119565217391,1776
116.21119565217391,1777
62.263819999999996,1778
62.263819999999996,1779
62.263819999999996,1780
60.15282653061226,1781
60.15282653061226,1782
60.15282653061226,1783
24.023255102040817,1784
24.023255102040817,1785
24.023255102040817,1786
14.348351648351647,1787
14.348351648351647,1788
14.348351648351647,1789
14.723351063829789,1790
14.723351063829789,1791
14.723351063829789,1792
13.145937499999995,1793
13.145937499999995,1794
13.145937499999995,1795
15.485577777777776,1796
15.485577777777776,1797
15.485577777777776,1798
10.966300000000004,1799
10.966300000000004,1800
10.966300000000004,1801
9.540269230769232,1802
9.540269230769232,1803
9.540269230769232,1804
9.783427083333335,1805
9.783427083333335,1806
9.783427083333335,1807
8.496609999999999,1808
8.496609999999999,1809
8.496609999999999,1810
9.51933,1811
9.51933,1812
9.51933,1813
7.72633783783784,1814
7.72633783783784,1815
7.72633783783784,1816
6.666628571428573,1817
6.666628571428573,1818
6.666628571428573,1819
7.313463414634144,1820
7.313463414634144,1821
7.313463414634144,1822
3.690291666666667,1823
3.690291666666667,1824
3.690291666666667,1825
2.6718857142857146,1826
2.6718857142857146,1827
2.6718857142857146,1828
3.047951219512196,1829
3.047951219512196,1830
3.047951219512196,1831
3.610642857142857,1832
3.610642857142857,1833
3.610642857142857,1834
3.66056,1835
3.66056,1836
3.66056,1837
4.273923076923077,1838
4.273923076923077,1839
4.273923076923077,1840
3.785833333333333,1841
3.785833333333333,1842
3.785833333333333,1843
5.538937500000001,1844
5.538937500000001,1845
5.538937500000001,1846
5.017947368421052,1847
5.017947368421052,1848
5.017947368421052,1849
8.297642857142858,1850
8.297642857142858,1851
8.297642857142858,1852
6.891684210526316,1853
6.891684210526316,1854
6.891684210526316,1855
5.635062499999999,1856
5.635062499999999,1857
5.635062499999999,1858
4.771173913043478,1859
4.771173913043478,1860
4.771173913043478,1861
2.88075,1862
2.88075,1863
2.88075,1864
3.2917368421052635,1865
3.2917368421052635,1866
3.2917368421052635,1867
3.2164999999999995,1868
3.2164999999999995,1869
3.2164999999999995,1870
3.1280000000000006,1871
3.1280000000000006,1872
3.1280000000000006,1873
3.196222222222223,1874
3.196222222222223,1875
3.196222222222223,1876
3.0669600000000004,1877
3.0669600000000004,1878
3.0669600000000004,1879
3.3143125,1880
3.3143125,1881
3.3143125,1882
6.087000000000001,1883
6.087000000000001,1884
6.087000000000001,1885
8.4678,1886
8.4678,1887
8.4678,1888
5.248083333333334,1889
5.248083333333334,1890
5.248083333333334,1891
3.236086956521739,1892
3.236086956521739,1893
3.236086956521739,1894
2.9566923076923075,1895
2.9566923076923075,1896
2.9566923076923075,1897
2.6725882352941177,1898
2.6725882352941177,1899
2.6725882352941177,1900
2.730312499999999,1901
2.730312499999999,1902
2.730312499999999,1903
2.7866666666666666,1904
2.7866666666666666,1905
2.7866666666666666,1906
3.254263157894737,1907
3.254263157894737,1908
3.254263157894737,1909
3.303166666666666,1910
3.303166666666666,1911
3.303166666666666,1912
5.004296296296297,1913
5.004296296296297,1914
5.004296296296297,1915
5.2272727272727275,1916
5.2272727272727275,1917
5.2272727272727275,1918
4.5571935483870964,1919
4.5571935483870964,1920
4.5571935483870964,1921
5.2291304347826095,1922
5.2291304347826095,1923
5.2291304347826095,1924
2.819047619047619,1925
2.819047619047619,1926
2.819047619047619,1927
3.267733333333333,1928
3.267733333333333,1929
3.267733333333333,1930
3.3240526315789474,1931
3.3240526315789474,1932
3.3240526315789474,1933
2.9927499999999996,1934
2.9927499999999996,1935
2.9927499999999996,1936
2.761333333333334,1937
2.761333333333334,1938
2.761333333333334,1939
3.085533333333333,1940
3.085533333333333,1941
3.085533333333333,1942
2.6818750000000002,1943
2.6818750000000002,1944
2.6818750000000002,1945
2.8990000000000005,1946
2.8990000000000005,1947
2.8990000000000005,1948
2.584875,1949
2.584875,1950
2.584875,1951
3.0945238095238095,1952
3.0945238095238095,1953
3.0945238095238095,1954
2.76496875,1955
2.76496875,1956
2.76496875,1957
2.944033333333333,1958
2.944033333333333,1959
2.944033333333333,1960
5.046428571428573,1961
5.046428571428573,1962
5.046428571428573,1963
5.05715625,1964
5.05715625,1965
5.05715625,1966
4.8765,1967
4.8765,1968
4.8765,1969
4.3263235294117655,1970
4.3263235294117655,1971
4.3263235294117655,1972
3.010833333333334,1973
3.010833333333334,1974
3.010833333333334,1975
2.8122000000000003,1976
2.8122000000000003,1977
2.8122000000000003,1978
13.099470588235295,1979
13.099470588235295,1980
13.099470588235295,1981
13.921187499999998,1982
13.921187499999998,1983
13.921187499999998,1984
13.331173913043479,1985
13.331173913043479,1986
13.331173913043479,1987
4.948240000000001,1988
4.948240000000001,1989
4.948240000000001,1990
7.120214285714286,1991
7.120214285714286,1992
7.120214285714286,1993
6.77869230769231,1994
6.77869230769231,1995
6.77869230769231,1996
4.754969696969697,1997
4.754969696969697,1998
4.754969696969697,1999
4.255756756756758,2000
4.255756756756758,2001
4.255756756756758,2002
5.588333333333334,2003
5.588333333333334,2004
5.588333333333334,2005
6.767291666666668,2006
6.767291666666668,2007
6.767291666666668,2008
12.011000000000005,2009
12.011000000000005,2010
12.011000000000005,2011
12.713300000000006,2012
12.713300000000006,2013
12.713300000000006,2014
29.419489795918363,2015
29.419489795918363,2016
29.419489795918363,2017
44.650508196721304,2018
44.650508196721304,2019
44.650508196721304,2020
57.895348484848476,2021
57.895348484848476,2022
57.895348484848476,2023
44.31158108108107,2024
44.31158108108107,2025
44.31158108108107,2026
31.62490540540541,2027
31.62490540540541,2028
31.62490540540541,2029
37.0107191011236,2030
37.0107191011236,2031
37.0107191011236,2032
47.431728395061725,2033
47.431728395061725,2034
47.431728395061725,2035
64.34388888888886,2036
64.34388888888886,2037
64.34388888888886,2038
91.04724096385539,2039
91.04724096385539,2040
91.04724096385539,2041
109.35144999999997,2042
109.35144999999997,2043
109.35144999999997,2044
124.74132291666668,2045
124.74132291666668,2046
124.74132291666668,2047
133.96676000000008,2048
133.96676000000008,2049
133.96676000000008,2050
144.8461313131314,2051
144.8461313131314,2052
144.8461313131314,2053
120.78335000000004,2054
120.78335000000004,2055
120.78335000000004,2056
107.3218556701031,2057
107.3218556701031,2058
107.3218556701031,2059
89.01893258426968,2060
89.01893258426968,2061
89.01893258426968,2062
51.21352702702703,2063
51.21352702702703,2064
51.21352702702703,2065
44.64186153846153,2066
44.64186153846153,2067
44.64186153846153,2068
63.119754098360644,2069
63.119754098360644,2070
63.119754098360644,2071
79.02235087719299,2072
79.02235087719299,2073
79.02235087719299,2074
74.87468965517242,2075
74.87468965517242,2076
74.87468965517242,2077
47.2959552238806,2078
47.2959552238806,2079
47.2959552238806,2080
24.278233333333333,2081
24.278233333333333,2082
24.278233333333333,2083
3.928617021276598,2084
3.928617021276598,2085
3.928617021276598,2086
3.8226511627906996,2087
3.8226511627906996,2088
3.8226511627906996,2089
2.8576470588235297,2090
2.8576470588235297,2091
2.8576470588235297,2092
2.6115641025641017,2093
2.6115641025641017,2094
2.6115641025641017,2095
4.265325,2096
4.265325,2097
4.265325,2098
3.8452765957446817,2099
3.8452765957446817,2100
3.8452765957446817,2101
4.273833333333333,2102
4.273833333333333,2103
4.273833333333333,2104
2.6847234042553194,2105
2.6847234042553194,2106
2.6847234042553194,2107
2.858235294117647,2108
2.858235294117647,2109
2.858235294117647,2110
3.1741621621621623,2111
3.1741621621621623,2112
3.1741621621621623,2113
8.604964285714285,2114
8.604964285714285,2115
8.604964285714285,2116
6.9618378378378365,2117
6.9618378378378365,2118
6.9618378378378365,2119
8.560687499999998,2120
8.560687499999998,2121
8.560687499999998,2122
3.653714285714286,2123
3.653714285714286,2124
3.653714285714286,2125
6.796560975609756,2126
6.796560975609756,2127
6.796560975609756,2128
5.860579710144926,2129
5.860579710144926,2130
5.860579710144926,2131
8.711884057971014,2132
8.711884057971014,2133
8.711884057971014,2134
11.447892857142858,2135
11.447892857142858,2136
11.447892857142858,2137
16.614609374999993,2138
16.614609374999993,2139
16.614609374999993,2140
14.592036144578312,2141
14.592036144578312,2142
14.592036144578312,2143
23.040051724137932,2144
23.040051724137932,2145
23.040051724137932,2146
20.239794871794867,2147
20.239794871794867,2148
20.239794871794867,2149
19.80289473684211,2150
19.80289473684211,2151
19.80289473684211,2152
14.729256756756753,2153
14.729256756756753,2154
14.729256756756753,2155
17.79951666666666,2156
17.79951666666666,2157
17.79951666666666,2158
12.526084507042244,2159
12.526084507042244,2160
12.526084507042244,2161
12.975379999999994,2162
12.975379999999994,2163
12.975379999999994,2164
12.801509803921565,2165
12.801509803921565,2166
12.801509803921565,2167
2.7896875000000003,2168
2.7896875000000003,2169
2.7896875000000003,2170
3.1071250000000004,2171
3.1071250000000004,2172
3.1071250000000004,2173
2.7271304347826093,2174
2.7271304347826093,2175
2.7271304347826093,2176
2.9658124999999997,2177
2.9658124999999997,2178
2.9658124999999997,2179
2.9770357142857136,2180
2.9770357142857136,2181
2.9770357142857136,2182
2.9654516129032253,2183
2.9654516129032253,2184
2.9654516129032253,2185
2.8454583333333336,2186
2.8454583333333336,2187
2.8454583333333336,2188
2.5759393939393944,2189
2.5759393939393944,2190
2.5759393939393944,2191
2.597958333333333,2192
2.597958333333333,2193
2.597958333333333,2194
4.4405806451612895,2195
4.4405806451612895,2196
4.4405806451612895,2197
4.829833333333333,2198
4.829833333333333,2199
4.829833333333333,2200
4.147558823529414,2201
4.147558823529414,2202
4.147558823529414,2203
2.6928846153846147,2204
2.6928846153846147,2205
2.6928846153846147,2206
12.41501818181818,2207
12.41501818181818,2208
12.41501818181818,2209
15.390800000000002,2210
15.390800000000002,2211
15.390800000000002,2212
18.849246575342466,2213
18.849246575342466,2214
18.849246575342466,2215
13.334916666666668,2216
13.334916666666668,2217
13.334916666666668,2218
21.4317901234568,2219
21.4317901234568,2220
21.4317901234568,2221
22.623615384615388,2222
22.623615384615388,2223
22.623615384615388,2224
48.44052173913044,2225
48.44052173913044,2226
48.44052173913044,2227
43.58268478260869,2228
43.58268478260869,2229
43.58268478260869,2230
48.64286597938145,2231
48.64286597938145,2232
48.64286597938145,2233
44.759299999999996,2234
44.759299999999996,2235
44.759299999999996,2236
56.50790624999997,2237
56.50790624999997,2238
56.50790624999997,2239
56.54952999999998,2240
56.54952999999998,2241
56.54952999999998,2242
62.85448999999997,2243
62.85448999999997,2244
62.85448999999997,2245
45.34553000000003,2246
45.34553000000003,2247
45.34553000000003,2248
60.129110000000054,2249
60.129110000000054,2250
60.129110000000054,2251
37.70954999999999,2252
37.70954999999999,2253
37.70954999999999,2254
40.886683673469385,2255
40.886683673469385,2256
40.886683673469385,2257
44.70160204081631,2258
44.70160204081631,2259
44.70160204081631,2260
32.425675324675325,2261
32.425675324675325,2262
32.425675324675325,2263
33.783436781609204,2264
33.783436781609204,2265
33.783436781609204,2266
28.860605263157908,2267
28.860605263157908,2268
28.860605263157908,2269
39.00972413793106,2270
39.00972413793106,2271
39.00972413793106,2272
35.15173493975904,2273
35.15173493975904,2274
35.15173493975904,2275
25.376092105263155,2276
25.376092105263155,2277
25.376092105263155,2278
21.36795454545454,2279
21.36795454545454,2280
21.36795454545454,2281
4.462823529411764,2282
4.462823529411764,2283
4.462823529411764,2284
4.478813953488372,2285
4.478813953488372,2286
4.478813953488372,2287
9.324825000000002,2288
9.324825000000002,2289
9.324825000000002,2290
9.110297297297297,2291
9.110297297297297,2292
9.110297297297297,2293
12.355,2294
12.355,2295
12.355,2296
3.938529411764705,2297
3.938529411764705,2298
3.938529411764705,2299
4.430285714285715,2300
4.430285714285715,2301
4.430285714285715,2302
2.998225806451613,2303
2.998225806451613,2304
2.998225806451613,2305
4.3562,2306
4.3562,2307
4.3562,2308
4.112363636363637,2309
