value,cumulative_avg,xtick
18.058487179487187,18.06,150
18.058487179487187,18.06,151
16.371492307692314,17.5,152
16.371492307692314,17.21,153
16.371492307692314,17.05,154
18.294493670886077,17.25,155
18.294493670886077,17.4,156
18.294493670886077,17.51,157
34.49260526315788,19.4,158
34.49260526315788,20.91,159
34.49260526315788,22.14,160
26.37718279569893,22.5,161
26.37718279569893,22.8,162
26.37718279569893,23.05,163
40.54157608695654,24.22,164
40.54157608695654,25.24,165
40.54157608695654,26.14,166
29.047230000000003,26.3,167
29.047230000000003,26.44,168
29.047230000000003,26.57,169
32.472922222222216,26.86,170
32.472922222222216,27.11,171
32.472922222222216,27.34,172
17.405039999999996,26.93,173
17.405039999999996,26.55,174
17.405039999999996,26.2,175
29.634087912087914,26.32,176
29.634087912087914,26.44,177
29.634087912087914,26.55,178
44.62643877551019,27.16,179
44.62643877551019,27.72,180
44.62643877551019,28.25,181
55.04708510638297,29.06,182
55.04708510638297,29.82,183
55.04708510638297,30.54,184
87.62022999999999,32.13,185
87.62022999999999,33.63,186
87.62022999999999,35.05,187
104.44259999999998,36.83,188
104.44259999999998,38.52,189
104.44259999999998,40.13,190
66.87657000000004,40.76,191
66.87657000000004,41.37,192
66.87657000000004,41.95,193
68.13581000000005,42.53,194
68.13581000000005,43.09,195
68.13581000000005,43.62,196
60.27667676767679,43.97,197
60.27667676767679,44.3,198
60.27667676767679,44.62,199
38.28485542168673,44.5,200
38.28485542168673,44.38,201
38.28485542168673,44.26,202
28.469818181818184,43.97,203
28.469818181818184,43.69,204
28.469818181818184,43.42,205
20.024547619047617,43.01,206
20.024547619047617,42.61,207
20.024547619047617,42.23,208
20.43611688311688,41.86,209
20.43611688311688,41.51,210
20.43611688311688,41.17,211
18.98172151898735,40.82,212
18.98172151898735,40.48,213
18.98172151898735,40.15,214
22.487368421052633,39.88,215
22.487368421052633,39.62,216
22.487368421052633,39.37,217
18.078328125,39.06,218
18.078328125,38.76,219
18.078328125,38.47,220
11.615409836065565,38.1,221
11.615409836065565,37.73,222
11.615409836065565,37.38,223
2.829730158730159,36.92,224
2.829730158730159,36.47,225
2.829730158730159,36.04,226
4.152775510204082,35.63,227
4.152775510204082,35.23,228
4.152775510204082,34.84,229
4.157363636363637,34.46,230
4.157363636363637,34.09,231
4.157363636363637,33.73,232
7.9322340425531905,33.42,233
7.9322340425531905,33.12,234
7.9322340425531905,32.83,235
14.04303571428571,32.61,236
14.04303571428571,32.4,237
14.04303571428571,32.2,238
14.763622641509428,32.0,239
14.763622641509428,31.81,240
14.763622641509428,31.63,241
14.769679245283017,31.45,242
14.769679245283017,31.27,243
14.769679245283017,31.1,244
31.535420000000002,31.1,245
31.535420000000002,31.11,246
31.535420000000002,31.11,247
30.496933333333335,31.1,248
30.496933333333335,31.1,249
30.496933333333335,31.09,250
32.839641025641015,31.11,251
32.839641025641015,31.13,252
32.839641025641015,31.14,253
18.509310000000006,31.02,254
18.509310000000006,30.9,255
18.509310000000006,30.79,256
37.85105999999999,30.85,257
37.85105999999999,30.92,258
37.85105999999999,30.98,259
38.29225999999998,31.05,260
38.29225999999998,31.11,261
38.29225999999998,31.17,262
59.098789999999966,31.42,263
59.098789999999966,31.66,264
59.098789999999966,31.9,265
67.81360999999998,32.2,266
67.81360999999998,32.51,267
67.81360999999998,32.8,268
72.52823404255321,33.13,269
72.52823404255321,33.46,270
72.52823404255321,33.78,271
53.18285999999999,33.94,272
53.18285999999999,34.09,273
53.18285999999999,34.25,274
60.01300000000003,34.45,275
60.01300000000003,34.65,276
60.01300000000003,34.85,277
90.33685000000003,35.28,278
90.33685000000003,35.7,279
90.33685000000003,36.12,280
95.69706250000002,36.57,281
95.69706250000002,37.02,282
95.69706250000002,37.45,283
98.49963829787234,37.91,284
98.49963829787234,38.35,285
98.49963829787234,38.79,286
71.342,39.03,287
71.342,39.26,288
71.342,39.49,289
71.30469999999997,39.71,290
71.30469999999997,39.94,291
71.30469999999997,40.16,292
96.11379,40.54,293
96.11379,40.93,294
96.11379,41.31,295
120.12804040404038,41.84,296
120.12804040404038,42.37,297
120.12804040404038,42.89,298
113.06001000000003,43.36,299
113.06001000000003,43.82,300
113.06001000000003,44.28,301
135.57733720930233,44.87,302
135.57733720930233,45.46,303
135.57733720930233,46.04,304
128.58161,46.57,305
128.58161,47.1,306
128.58161,47.61,307
88.15484946236558,47.87,308
88.15484946236558,48.12,309
88.15484946236558,48.37,310
76.14424000000002,48.54,311
76.14424000000002,48.71,312
76.14424000000002,48.87,313
79.08813,49.06,314
79.08813,49.24,315
79.08813,49.42,316
67.31084999999999,49.52,317
67.31084999999999,49.63,318
67.31084999999999,49.73,319
60.44906999999999,49.8,320
60.44906999999999,49.86,321
60.44906999999999,49.92,322
23.421349999999972,49.77,323
23.421349999999972,49.62,324
23.421349999999972,49.47,325
23.558301204819276,49.32,326
23.558301204819276,49.18,327
23.558301204819276,49.03,328
14.868159090909092,48.84,329
14.868159090909092,48.66,330
14.868159090909092,48.47,331
7.458733333333335,48.25,332
7.458733333333335,48.02,333
7.458733333333335,47.81,334
9.069160000000005,47.6,335
9.069160000000005,47.39,336
9.069160000000005,47.19,337
0.0,46.94,338
0.0,46.69,339
0.0,46.45,340
16.08738888888889,46.29,341
16.08738888888889,46.13,342
16.08738888888889,45.98,343
14.978636363636362,45.82,344
14.978636363636362,45.66,345
14.978636363636362,45.5,346
8.073551020408164,45.32,347
8.073551020408164,45.13,348
8.073551020408164,44.94,349
5.605595744680851,44.75,350
5.605595744680851,44.55,351
5.605595744680851,44.36,352
4.667886792452831,44.17,353
4.667886792452831,43.97,354
4.667886792452831,43.78,355
4.664735849056604,43.59,356
4.664735849056604,43.41,357
4.664735849056604,43.22,358
2.573615384615385,43.03,359
2.573615384615385,42.84,360
2.573615384615385,42.65,361
2.6325116279069776,42.46,362
2.6325116279069776,42.27,363
2.6325116279069776,42.09,364
5.507777777777776,41.92,365
5.507777777777776,41.75,366
5.507777777777776,41.59,367
5.955799999999997,41.42,368
5.955799999999997,41.26,369
5.955799999999997,41.1,370
8.267,40.95,371
8.267,40.81,372
8.267,40.66,373
4.688102564102564,40.5,374
4.688102564102564,40.34,375
4.688102564102564,40.19,376
6.102025,40.04,377
6.102025,39.89,378
6.102025,39.74,379
3.7617999999999996,39.59,380
3.7617999999999996,39.43,381
3.7617999999999996,39.28,382
4.09,39.13,383
4.09,38.98,384
4.09,38.83,385
2.4965312500000003,38.68,386
2.4965312500000003,38.53,387
2.4965312500000003,38.37,388
5.675358974358975,38.24,389
5.675358974358975,38.1,390
5.675358974358975,37.97,391
5.140088888888888,37.83,392
5.140088888888888,37.7,393
5.140088888888888,37.57,394
5.793749999999998,37.44,395
5.793749999999998,37.31,396
5.793749999999998,37.18,397
5.667224489795918,37.06,398
5.667224489795918,36.93,399
5.667224489795918,36.81,400
3.8196511627906973,36.68,401
3.8196511627906973,36.55,402
3.8196511627906973,36.42,403
3.613511627906976,36.29,404
3.613511627906976,36.16,405
3.613511627906976,36.03,406
3.3563249999999996,35.91,407
3.3563249999999996,35.78,408
3.3563249999999996,35.66,409
5.227905660377356,35.54,410
5.227905660377356,35.42,411
5.227905660377356,35.31,412
7.4640681818181775,35.2,413
7.4640681818181775,35.1,414
7.4640681818181775,35.0,415
6.7327551020408185,34.89,416
6.7327551020408185,34.78,417
6.7327551020408185,34.68,418
7.682666666666667,34.58,419
7.682666666666667,34.48,420
7.682666666666667,34.38,421
2.3400392156862746,34.27,422
2.3400392156862746,34.15,423
2.3400392156862746,34.03,424
2.4215555555555555,33.92,425
2.4215555555555555,33.81,426
2.4215555555555555,33.69,427
2.5410847457627117,33.58,428
2.5410847457627117,33.47,429
2.5410847457627117,33.36,430
3.573254901960785,33.25,431
3.573254901960785,33.15,432
3.573254901960785,33.04,433
3.782565217391306,32.94,434
3.782565217391306,32.84,435
3.782565217391306,32.74,436
3.975838709677419,32.64,437
3.975838709677419,32.54,438
3.975838709677419,32.44,439
3.9929393939393947,32.34,440
3.9929393939393947,32.25,441
3.9929393939393947,32.15,442
4.936625,32.06,443
4.936625,31.97,444
4.936625,31.87,445
3.575595238095239,31.78,446
3.575595238095239,31.68,447
3.575595238095239,31.59,448
21.484358974358972,31.56,449
21.484358974358972,31.52,450
21.484358974358972,31.49,451
16.086245614035086,31.44,452
16.086245614035086,31.39,453
16.086245614035086,31.34,454
17.498346938775512,31.29,455
17.498346938775512,31.25,456
17.498346938775512,31.2,457
16.768018181818178,31.16,458
16.768018181818178,31.11,459
16.768018181818178,31.06,460
6.69302380952381,30.99,461
6.69302380952381,30.91,462
6.69302380952381,30.83,463
6.871866666666667,30.76,464
6.871866666666667,30.68,465
6.871866666666667,30.6,466
7.19828947368421,30.53,467
7.19828947368421,30.46,468
7.19828947368421,30.39,469
4.504418604651164,30.3,470
4.504418604651164,30.22,471
4.504418604651164,30.15,472
7.4703513513513515,30.08,473
7.4703513513513515,30.01,474
7.4703513513513515,29.94,475
8.598755102040817,29.87,476
8.598755102040817,29.81,477
8.598755102040817,29.74,478
9.955650000000002,29.68,479
9.955650000000002,29.62,480
9.955650000000002,29.56,481
8.456017241379312,29.5,482
8.456017241379312,29.44,483
8.456017241379312,29.37,484
6.778372093023257,29.31,485
6.778372093023257,29.24,486
6.778372093023257,29.17,487
3.7739574468085113,29.1,488
3.7739574468085113,29.02,489
3.7739574468085113,28.95,490
8.250414634146342,28.89,491
8.250414634146342,28.83,492
8.250414634146342,28.77,493
8.366410256410255,28.71,494
8.366410256410255,28.65,495
8.366410256410255,28.59,496
8.803729729729731,28.54,497
8.803729729729731,28.48,498
8.803729729729731,28.42,499
15.905395833333337,28.39,500
15.905395833333337,28.35,501
15.905395833333337,28.32,502
14.709545454545458,28.28,503
14.709545454545458,28.24,504
14.709545454545458,28.2,505
24.08525,28.19,506
24.08525,28.18,507
24.08525,28.17,508
23.60327906976745,28.16,509
23.60327906976745,28.14,510
23.60327906976745,28.13,511
21.637329268292678,28.11,512
21.637329268292678,28.09,513
21.637329268292678,28.08,514
13.460260273972603,28.04,515
13.460260273972603,28.0,516
13.460260273972603,27.96,517
20.50980681818181,27.94,518
20.50980681818181,27.92,519
20.50980681818181,27.9,520
15.924296296296296,27.87,521
15.924296296296296,27.83,522
15.924296296296296,27.8,523
18.73229999999999,27.78,524
18.73229999999999,27.75,525
18.73229999999999,27.73,526
26.38087951807228,27.73,527
26.38087951807228,27.72,528
26.38087951807228,27.72,529
30.376103448275863,27.73,530
30.376103448275863,27.73,531
30.376103448275863,27.74,532
30.700309999999998,27.75,533
30.700309999999998,27.75,534
30.700309999999998,27.76,535
32.80140217391304,27.78,536
32.80140217391304,27.79,537
32.80140217391304,27.8,538
27.116499999999995,27.8,539
27.116499999999995,27.8,540
27.116499999999995,27.8,541
56.732839506172844,27.87,542
56.732839506172844,27.94,543
56.732839506172844,28.02,544
60.69020833333334,28.1,545
60.69020833333334,28.18,546
60.69020833333334,28.26,547
81.79310714285712,28.4,548
81.79310714285712,28.53,549
81.79310714285712,28.66,550
72.31687,28.77,551
72.31687,28.88,552
72.31687,28.99,553
78.93851685393261,29.11,554
78.93851685393261,29.23,555
78.93851685393261,29.35,556
67.44847000000001,29.45,557
67.44847000000001,29.54,558
67.44847000000001,29.63,559
63.323150000000005,29.72,560
63.323150000000005,29.8,561
63.323150000000005,29.88,562
36.59258999999998,29.89,563
36.59258999999998,29.91,564
36.59258999999998,29.93,565
42.30692,29.96,566
42.30692,29.99,567
42.30692,30.02,568
29.43999,30.01,569
29.43999,30.01,570
29.43999,30.01,571
29.399989130434772,30.01,572
29.399989130434772,30.01,573
29.399989130434772,30.01,574
34.69314583333334,30.02,575
34.69314583333334,30.03,576
34.69314583333334,30.04,577
35.922098901098906,30.05,578
35.922098901098906,30.07,579
35.922098901098906,30.08,580
35.35083673469388,30.09,581
35.35083673469388,30.11,582
35.35083673469388,30.12,583
27.73742424242423,30.11,584
27.73742424242423,30.11,585
27.73742424242423,30.1,586
16.687542168674693,30.07,587
16.687542168674693,30.04,588
16.687542168674693,30.01,589
14.88443037974684,29.98,590
14.88443037974684,29.94,591
14.88443037974684,29.91,592
20.65995081967213,29.89,593
20.65995081967213,29.87,594
20.65995081967213,29.84,595
12.237826086956519,29.81,596
12.237826086956519,29.77,597
12.237826086956519,29.73,598
21.156591549295772,29.71,599
21.156591549295772,29.69,600
21.156591549295772,29.67,601
14.620275000000001,29.64,602
14.620275000000001,29.6,603
14.620275000000001,29.57,604
14.322695652173914,29.54,605
14.322695652173914,29.5,606
14.322695652173914,29.47,607
18.902106666666665,29.45,608
18.902106666666665,29.43,609
18.902106666666665,29.4,610
27.284573529411766,29.4,611
27.284573529411766,29.39,612
27.284573529411766,29.39,613
25.28315294117648,29.38,614
25.28315294117648,29.37,615
25.28315294117648,29.36,616
30.72317808219178,29.37,617
30.72317808219178,29.37,618
30.72317808219178,29.37,619
20.843111111111114,29.35,620
20.843111111111114,29.33,621
20.843111111111114,29.32,622
26.08755555555556,29.31,623
26.08755555555556,29.3,624
26.08755555555556,29.3,625
15.545573170731709,29.27,626
15.545573170731709,29.24,627
15.545573170731709,29.21,628
17.501943661971826,29.19,629
17.501943661971826,29.16,630
17.501943661971826,29.14,631
23.759885057471266,29.13,632
23.759885057471266,29.12,633
23.759885057471266,29.1,634
27.978878787878784,29.1,635
27.978878787878784,29.1,636
27.978878787878784,29.1,637
27.87105000000001,29.09,638
27.87105000000001,29.09,639
27.87105000000001,29.09,640
31.32375862068965,29.09,641
31.32375862068965,29.1,642
31.32375862068965,29.1,643
25.90605,29.1,644
25.90605,29.09,645
25.90605,29.08,646
27.215905882352956,29.08,647
27.215905882352956,29.08,648
27.215905882352956,29.07,649
36.74288000000001,29.09,650
36.74288000000001,29.1,651
36.74288000000001,29.12,652
47.668511111111115,29.16,653
47.668511111111115,29.19,654
47.668511111111115,29.23,655
46.22122,29.26,656
46.22122,29.3,657
46.22122,29.33,658
51.16753684210524,29.37,659
51.16753684210524,29.41,660
51.16753684210524,29.46,661
36.50177000000001,29.47,662
36.50177000000001,29.48,663
36.50177000000001,29.5,664
25.419922222222223,29.49,665
25.419922222222223,29.48,666
25.419922222222223,29.47,667
20.26954761904762,29.46,668
20.26954761904762,29.44,669
20.26954761904762,29.42,670
12.365740740740737,29.39,671
12.365740740740737,29.36,672
12.365740740740737,29.32,673
22.563799999999993,29.31,674
22.563799999999993,29.3,675
22.563799999999993,29.29,676
29.275492307692318,29.29,677
29.275492307692318,29.29,678
29.275492307692318,29.29,679
34.26135000000001,29.29,680
34.26135000000001,29.3,681
34.26135000000001,29.31,682
16.29632786885246,29.29,683
16.29632786885246,29.26,684
16.29632786885246,29.24,685
21.507618181818184,29.23,686
21.507618181818184,29.21,687
21.507618181818184,29.2,688
17.360268656716418,29.18,689
17.360268656716418,29.15,690
17.360268656716418,29.13,691
17.68813636363637,29.11,692
17.68813636363637,29.09,693
17.68813636363637,29.07,694
5.743545454545454,29.03,695
5.743545454545454,28.98,696
5.743545454545454,28.94,697
8.08278,28.9,698
8.08278,28.87,699
8.08278,28.83,700
7.4677592592592585,28.79,701
7.4677592592592585,28.75,702
7.4677592592592585,28.71,703
11.060736842105262,28.68,704
11.060736842105262,28.65,705
11.060736842105262,28.62,706
11.103552631578946,28.59,707
11.103552631578946,28.55,708
11.103552631578946,28.52,709
27.268294117647052,28.52,710
27.268294117647052,28.52,711
27.268294117647052,28.52,712
29.315967741935484,28.52,713
29.315967741935484,28.52,714
29.315967741935484,28.52,715
32.58526582278481,28.53,716
32.58526582278481,28.53,717
32.58526582278481,28.54,718
19.571569999999998,28.53,719
19.571569999999998,28.51,720
19.571569999999998,28.49,721
23.5559175257732,28.49,722
23.5559175257732,28.48,723
23.5559175257732,28.47,724
25.80505999999999,28.46,725
25.80505999999999,28.46,726
25.80505999999999,28.46,727
33.50454545454546,28.46,728
33.50454545454546,28.47,729
33.50454545454546,28.48,730
44.284179999999985,28.51,731
44.284179999999985,28.54,732
44.284179999999985,28.56,733
42.37067777777778,28.59,734
42.37067777777778,28.61,735
42.37067777777778,28.63,736
66.4455,28.7,737
66.4455,28.76,738
66.4455,28.83,739
72.668,28.9,740
72.668,28.97,741
72.668,29.05,742
59.65897999999999,29.1,743
59.65897999999999,29.15,744
59.65897999999999,29.2,745
45.06839999999998,29.23,746
45.06839999999998,29.25,747
45.06839999999998,29.28,748
50.80994565217391,29.32,749
50.80994565217391,29.35,750
50.80994565217391,29.39,751
46.0244329896907,29.42,752
46.0244329896907,29.44,753
46.0244329896907,29.47,754
106.97892222222225,29.6,755
106.97892222222225,29.73,756
106.97892222222225,29.85,757
120.84491,30.0,758
120.84491,30.15,759
120.84491,30.3,760
123.67203,30.45,761
123.67203,30.6,762
123.67203,30.76,763
90.32191000000003,30.85,764
90.32191000000003,30.95,765
90.32191000000003,31.05,766
106.55330851063829,31.17,767
106.55330851063829,31.29,768
106.55330851063829,31.41,769
118.53327999999998,31.55,770
118.53327999999998,31.69,771
118.53327999999998,31.83,772
122.74239285714285,31.98,773
122.74239285714285,32.12,774
122.74239285714285,32.27,775
92.67287,32.36,776
92.67287,32.46,777
92.67287,32.55,778
50.117945054945054,32.58,779
50.117945054945054,32.61,780
50.117945054945054,32.64,781
39.95822448979592,32.65,782
39.95822448979592,32.66,783
39.95822448979592,32.67,784
35.206706521739136,32.68,785
35.206706521739136,32.68,786
35.206706521739136,32.68,787
32.426399999999994,32.68,788
32.426399999999994,32.68,789
32.426399999999994,32.68,790
21.829611111111113,32.67,791
21.829611111111113,32.65,792
21.829611111111113,32.63,793
16.20052173913043,32.61,794
16.20052173913043,32.58,795
16.20052173913043,32.56,796
10.033773584905662,32.52,797
10.033773584905662,32.49,798
10.033773584905662,32.45,799
8.077779999999999,32.41,800
8.077779999999999,32.38,801
8.077779999999999,32.34,802
0.0,32.29,803
0.0,32.24,804
0.0,32.19,805
4.0633684210526315,32.15,806
4.0633684210526315,32.11,807
4.0633684210526315,32.06,808
3.5982692307692306,32.02,809
3.5982692307692306,31.98,810
3.5982692307692306,31.94,811
3.1889777777777795,31.89,812
3.1889777777777795,31.85,813
3.1889777777777795,31.81,814
4.103658536585366,31.76,815
4.103658536585366,31.72,816
4.103658536585366,31.68,817
4.1220930232558155,31.64,818
4.1220930232558155,31.6,819
4.1220930232558155,31.56,820
4.518771428571431,31.52,821
4.518771428571431,31.48,822
4.518771428571431,31.44,823
5.0055000000000005,31.4,824
5.0055000000000005,31.36,825
5.0055000000000005,31.32,826
3.5443666666666673,31.28,827
3.5443666666666673,31.24,828
3.5443666666666673,31.2,829
3.0835238095238098,31.16,830
3.0835238095238098,31.12,831
3.0835238095238098,31.07,832
3.1889782608695656,31.03,833
3.1889782608695656,30.99,834
3.1889782608695656,30.95,835
2.3619183673469393,30.91,836
2.3619183673469393,30.87,837
2.3619183673469393,30.83,838
5.8658863636363625,30.79,839
5.8658863636363625,30.76,840
5.8658863636363625,30.72,841
6.438560975609756,30.68,842
6.438560975609756,30.65,843
6.438560975609756,30.61,844
6.504358974358973,30.58,845
6.504358974358973,30.55,846
6.504358974358973,30.51,847
9.869500000000002,30.48,848
9.869500000000002,30.45,849
9.869500000000002,30.42,850
5.133105263157897,30.39,851
5.133105263157897,30.35,852
5.133105263157897,30.32,853
5.3922,30.28,854
5.3922,30.24,855
5.3922,30.21,856
2.622783783783784,30.17,857
2.622783783783784,30.13,858
2.622783783783784,30.09,859
2.4095428571428568,30.05,860
2.4095428571428568,30.02,861
2.4095428571428568,29.98,862
2.9366341463414636,29.94,863
2.9366341463414636,29.9,864
2.9366341463414636,29.86,865
2.9933333333333336,29.83,866
2.9933333333333336,29.79,867
2.9933333333333336,29.75,868
3.0721555555555558,29.71,869
3.0721555555555558,29.68,870
3.0721555555555558,29.64,871
2.7810714285714284,29.6,872
2.7810714285714284,29.57,873
2.7810714285714284,29.53,874
2.9353170731707316,29.49,875
2.9353170731707316,29.46,876
2.9353170731707316,29.42,877
3.0719999999999996,29.38,878
3.0719999999999996,29.35,879
3.0719999999999996,29.31,880
3.004888888888889,29.28,881
3.004888888888889,29.24,882
3.004888888888889,29.2,883
2.7598,29.17,884
2.7598,29.13,885
2.7598,29.1,886
3.012411764705883,29.06,887
3.012411764705883,29.03,888
3.012411764705883,28.99,889
2.665288888888889,28.95,890
2.665288888888889,28.92,891
2.665288888888889,28.88,892
3.1193400000000016,28.85,893
3.1193400000000016,28.81,894
3.1193400000000016,28.78,895
2.8290465116279075,28.75,896
2.8290465116279075,28.71,897
2.8290465116279075,28.68,898
2.643809523809523,28.64,899
2.643809523809523,28.61,900
2.643809523809523,28.57,901
3.6677173913043477,28.54,902
3.6677173913043477,28.51,903
3.6677173913043477,28.47,904
3.6996153846153845,28.44,905
3.6996153846153845,28.41,906
3.6996153846153845,28.38,907
4.4372647058823524,28.34,908
4.4372647058823524,28.31,909
4.4372647058823524,28.28,910
3.940533333333334,28.25,911
3.940533333333334,28.22,912
3.940533333333334,28.19,913
2.221972222222223,28.15,914
2.221972222222223,28.12,915
2.221972222222223,28.08,916
2.4069499999999993,28.05,917
2.4069499999999993,28.02,918
2.4069499999999993,27.98,919
2.3409117647058824,27.95,920
2.3409117647058824,27.92,921
2.3409117647058824,27.88,922
2.3895714285714287,27.85,923
2.3895714285714287,27.82,924
2.3895714285714287,27.79,925
4.134111111111112,27.76,926
4.134111111111112,27.73,927
4.134111111111112,27.69,928
4.159224999999998,27.66,929
4.159224999999998,27.63,930
4.159224999999998,27.6,931
4.50440625,27.58,932
4.50440625,27.55,933
4.50440625,27.52,934
8.460999999999999,27.49,935
8.460999999999999,27.47,936
8.460999999999999,27.44,937
7.87129411764706,27.42,938
7.87129411764706,27.39,939
7.87129411764706,27.37,940
7.620447368421051,27.34,941
7.620447368421051,27.32,942
7.620447368421051,27.29,943
10.318413793103447,27.27,944
10.318413793103447,27.25,945
10.318413793103447,27.23,946
12.613783783783783,27.21,947
12.613783783783783,27.19,948
12.613783783783783,27.18,949
15.167241379310346,27.16,950
15.167241379310346,27.15,951
15.167241379310346,27.13,952
10.822444444444447,27.11,953
10.822444444444447,27.09,954
10.822444444444447,27.07,955
2.28171052631579,27.04,956
2.28171052631579,27.01,957
2.28171052631579,26.98,958
2.7170000000000005,26.95,959
2.7170000000000005,26.92,960
2.7170000000000005,26.89,961
3.106461538461538,26.86,962
3.106461538461538,26.83,963
3.106461538461538,26.8,964
2.71625,26.77,965
2.71625,26.74,966
2.71625,26.71,967
2.207324324324324,26.68,968
2.207324324324324,26.65,969
2.207324324324324,26.62,970
7.563966101694916,26.6,971
7.563966101694916,26.58,972
7.563966101694916,26.55,973
20.11430158730158,26.55,974
20.11430158730158,26.54,975
20.11430158730158,26.53,976
29.14734939759035,26.53,977
29.14734939759035,26.54,978
29.14734939759035,26.54,979
26.3440975609756,26.54,980
26.3440975609756,26.54,981
26.3440975609756,26.54,982
37.73164285714286,26.55,983
37.73164285714286,26.57,984
37.73164285714286,26.58,985
20.815878048780487,26.57,986
20.815878048780487,26.57,987
20.815878048780487,26.56,988
47.67214606741572,26.58,989
47.67214606741572,26.61,990
47.67214606741572,26.63,991
41.37441758241758,26.65,992
41.37441758241758,26.67,993
41.37441758241758,26.69,994
57.10921428571427,26.72,995
57.10921428571427,26.76,996
57.10921428571427,26.79,997
44.19672727272729,26.81,998
44.19672727272729,26.84,999
44.19672727272729,26.86,1000
56.47836363636362,26.89,1001
56.47836363636362,26.93,1002
56.47836363636362,26.96,1003
35.77618999999999,26.97,1004
35.77618999999999,26.98,1005
35.77618999999999,26.99,1006
90.3849550561798,27.06,1007
90.3849550561798,27.14,1008
90.3849550561798,27.21,1009
100.99579,27.3,1010
100.99579,27.38,1011
100.99579,27.47,1012
116.25747058823525,27.57,1013
116.25747058823525,27.67,1014
116.25747058823525,27.78,1015
57.13197,27.81,1016
57.13197,27.84,1017
57.13197,27.88,1018
72.4311237113402,27.93,1019
72.4311237113402,27.98,1020
72.4311237113402,28.03,1021
69.9519797979798,28.08,1022
69.9519797979798,28.13,1023
69.9519797979798,28.17,1024
101.11992307692307,28.26,1025
101.11992307692307,28.34,1026
101.11992307692307,28.42,1027
85.50578723404259,28.49,1028
85.50578723404259,28.55,1029
85.50578723404259,28.62,1030
46.976263736263725,28.64,1031
46.976263736263725,28.66,1032
46.976263736263725,28.68,1033
32.81192,28.68,1034
32.81192,28.69,1035
32.81192,28.69,1036
41.56224999999999,28.71,1037
41.56224999999999,28.72,1038
41.56224999999999,28.74,1039
41.75142857142856,28.75,1040
41.75142857142856,28.77,1041
41.75142857142856,28.78,1042
41.09382474226805,28.8,1043
41.09382474226805,28.81,1044
41.09382474226805,28.82,1045
36.211641975308645,28.83,1046
36.211641975308645,28.84,1047
36.211641975308645,28.85,1048
32.671303370786525,28.85,1049
32.671303370786525,28.86,1050
32.671303370786525,28.86,1051
31.922638888888894,28.86,1052
31.922638888888894,28.87,1053
31.922638888888894,28.87,1054
26.959988636363644,28.87,1055
26.959988636363644,28.87,1056
26.959988636363644,28.86,1057
28.421250000000022,28.86,1058
28.421250000000022,28.86,1059
28.421250000000022,28.86,1060
13.313302083333335,28.85,1061
13.313302083333335,28.83,1062
13.313302083333335,28.81,1063
24.329911392405062,28.81,1064
24.329911392405062,28.8,1065
24.329911392405062,28.8,1066
20.242030000000003,28.79,1067
20.242030000000003,28.78,1068
20.242030000000003,28.77,1069
30.306379999999987,28.77,1070
30.306379999999987,28.77,1071
30.306379999999987,28.77,1072
23.264760000000003,28.77,1073
23.264760000000003,28.76,1074
23.264760000000003,28.76,1075
26.181789473684212,28.75,1076
26.181789473684212,28.75,1077
26.181789473684212,28.75,1078
31.151417582417576,28.75,1079
31.151417582417576,28.75,1080
31.151417582417576,28.76,1081
28.644733333333342,28.76,1082
28.644733333333342,28.76,1083
28.644733333333342,28.75,1084
24.09655555555555,28.75,1085
24.09655555555555,28.74,1086
24.09655555555555,28.74,1087
28.380609375,28.74,1088
28.380609375,28.74,1089
28.380609375,28.74,1090
20.175091954022996,28.73,1091
20.175091954022996,28.72,1092
20.175091954022996,28.71,1093
21.28256164383562,28.7,1094
21.28256164383562,28.7,1095
21.28256164383562,28.69,1096
18.015081632653065,28.68,1097
18.015081632653065,28.67,1098
18.015081632653065,28.65,1099
17.54829411764706,28.64,1100
17.54829411764706,28.63,1101
17.54829411764706,28.62,1102
24.110639999999993,28.61,1103
24.110639999999993,28.61,1104
24.110639999999993,28.61,1105
21.591890000000003,28.6,1106
21.591890000000003,28.59,1107
21.591890000000003,28.58,1108
18.747280000000003,28.57,1109
18.747280000000003,28.56,1110
18.747280000000003,28.55,1111
28.22187912087912,28.55,1112
28.22187912087912,28.55,1113
28.22187912087912,28.55,1114
34.415752688172034,28.56,1115
34.415752688172034,28.56,1116
34.415752688172034,28.57,1117
35.27892631578948,28.58,1118
35.27892631578948,28.58,1119
35.27892631578948,28.59,1120
36.13436000000001,28.6,1121
36.13436000000001,28.61,1122
36.13436000000001,28.61,1123
49.082429999999995,28.63,1124
49.082429999999995,28.66,1125
49.082429999999995,28.68,1126
50.119102040816344,28.7,1127
50.119102040816344,28.72,1128
50.119102040816344,28.74,1129
41.421551020408174,28.76,1130
41.421551020408174,28.77,1131
41.421551020408174,28.78,1132
29.209582278481022,28.78,1133
29.209582278481022,28.78,1134
29.209582278481022,28.78,1135
11.162256410256413,28.76,1136
11.162256410256413,28.75,1137
11.162256410256413,28.73,1138
23.164390625,28.72,1139
23.164390625,28.72,1140
23.164390625,28.71,1141
19.974676923076927,28.7,1142
19.974676923076927,28.69,1143
19.974676923076927,28.69,1144
28.36792156862746,28.69,1145
28.36792156862746,28.69,1146
28.36792156862746,28.68,1147
12.853607142857133,28.67,1148
12.853607142857133,28.65,1149
12.853607142857133,28.64,1150
16.216098039215687,28.62,1151
16.216098039215687,28.61,1152
16.216098039215687,28.6,1153
14.013272727272723,28.59,1154
14.013272727272723,28.57,1155
14.013272727272723,28.56,1156
10.638982142857142,28.54,1157
10.638982142857142,28.52,1158
10.638982142857142,28.5,1159
7.616564516129035,28.48,1160
7.616564516129035,28.46,1161
7.616564516129035,28.44,1162
9.931464285714284,28.42,1163
9.931464285714284,28.41,1164
9.931464285714284,28.39,1165
8.381416666666667,28.37,1166
8.381416666666667,28.35,1167
8.381416666666667,28.33,1168
7.882803278688527,28.31,1169
7.882803278688527,28.29,1170
7.882803278688527,28.27,1171
7.283441176470588,28.25,1172
7.283441176470588,28.23,1173
7.283441176470588,28.21,1174
2.6107647058823535,28.18,1175
2.6107647058823535,28.16,1176
2.6107647058823535,28.13,1177
7.277538461538462,28.11,1178
7.277538461538462,28.09,1179
7.277538461538462,28.07,1180
26.1168125,28.07,1181
26.1168125,28.07,1182
26.1168125,28.07,1183
27.880569999999985,28.07,1184
27.880569999999985,28.07,1185
27.880569999999985,28.07,1186
41.283760416666645,28.08,1187
41.283760416666645,28.09,1188
41.283760416666645,28.1,1189
38.049359999999986,28.11,1190
38.049359999999986,28.12,1191
38.049359999999986,28.13,1192
43.69794845360825,28.15,1193
43.69794845360825,28.16,1194
43.69794845360825,28.18,1195
60.08604,28.21,1196
60.08604,28.24,1197
60.08604,28.27,1198
71.78447126436781,28.31,1199
71.78447126436781,28.35,1200
71.78447126436781,28.39,1201
57.824870000000004,28.42,1202
57.824870000000004,28.45,1203
57.824870000000004,28.48,1204
57.04365116279071,28.5,1205
57.04365116279071,28.53,1206
57.04365116279071,28.56,1207
69.6429591836735,28.6,1208
69.6429591836735,28.63,1209
69.6429591836735,28.67,1210
66.79133,28.71,1211
66.79133,28.74,1212
66.79133,28.78,1213
68.79387000000003,28.82,1214
68.79387000000003,28.86,1215
68.79387000000003,28.89,1216
54.48718999999999,28.92,1217
54.48718999999999,28.94,1218
54.48718999999999,28.96,1219
84.37541666666667,29.02,1220
84.37541666666667,29.07,1221
84.37541666666667,29.12,1222
121.83636082474227,29.21,1223
121.83636082474227,29.29,1224
121.83636082474227,29.38,1225
140.67930864197533,29.48,1226
140.67930864197533,29.58,1227
140.67930864197533,29.69,1228
97.77997,29.75,1229
97.77997,29.81,1230
97.77997,29.88,1231
66.8112626262626,29.91,1232
66.8112626262626,29.94,1233
66.8112626262626,29.98,1234
36.13327000000001,29.98,1235
36.13327000000001,29.99,1236
36.13327000000001,30.0,1237
43.384862068965504,30.01,1238
43.384862068965504,30.02,1239
43.384862068965504,30.03,1240
34.20067,30.04,1241
34.20067,30.04,1242
34.20067,30.04,1243
41.29303658536586,30.05,1244
41.29303658536586,30.06,1245
41.29303658536586,30.07,1246
46.284663265306094,30.09,1247
46.284663265306094,30.1,1248
46.284663265306094,30.12,1249
40.132520408163266,30.13,1250
40.132520408163266,30.14,1251
40.132520408163266,30.15,1252
34.93419587628865,30.15,1253
34.93419587628865,30.15,1254
34.93419587628865,30.16,1255
18.349312499999996,30.15,1256
18.349312499999996,30.14,1257
18.349312499999996,30.13,1258
29.137224719101127,30.13,1259
29.137224719101127,30.12,1260
29.137224719101127,30.12,1261
31.722298850574713,30.13,1262
31.722298850574713,30.13,1263
31.722298850574713,30.13,1264
37.753728571428574,30.14,1265
37.753728571428574,30.14,1266
37.753728571428574,30.15,1267
0.0,30.12,1268
0.0,30.09,1269
0.0,30.07,1270
5.154111111111111,30.05,1271
5.154111111111111,30.02,1272
5.154111111111111,30.0,1273
3.98937037037037,29.98,1274
3.98937037037037,29.96,1275
3.98937037037037,29.93,1276
3.2596078431372564,29.91,1277
3.2596078431372564,29.89,1278
3.2596078431372564,29.86,1279
2.8924406779661003,29.84,1280
2.8924406779661003,29.81,1281
2.8924406779661003,29.79,1282
2.296085106382979,29.77,1283
2.296085106382979,29.74,1284
2.296085106382979,29.72,1285
2.1588510638297875,29.69,1286
2.1588510638297875,29.67,1287
2.1588510638297875,29.64,1288
2.9445625,29.62,1289
2.9445625,29.6,1290
2.9445625,29.57,1291
2.9310833333333335,29.55,1292
2.9310833333333335,29.53,1293
2.9310833333333335,29.5,1294
2.9511891891891886,29.48,1295
2.9511891891891886,29.46,1296
2.9511891891891886,29.44,1297
4.088121951219512,29.41,1298
4.088121951219512,29.39,1299
4.088121951219512,29.37,1300
4.329500000000001,29.35,1301
4.329500000000001,29.33,1302
4.329500000000001,29.3,1303
4.05229268292683,29.28,1304
4.05229268292683,29.26,1305
4.05229268292683,29.24,1306
2.5037027027027023,29.22,1307
2.5037027027027023,29.19,1308
2.5037027027027023,29.17,1309
2.9839499999999997,29.15,1310
2.9839499999999997,29.12,1311
2.9839499999999997,29.1,1312
5.662676470588235,29.08,1313
5.662676470588235,29.06,1314
5.662676470588235,29.04,1315
5.065325,29.02,1316
5.065325,29.0,1317
5.065325,28.98,1318
4.251355555555556,28.96,1319
4.251355555555556,28.94,1320
4.251355555555556,28.92,1321
4.149092592592593,28.9,1322
4.149092592592593,28.87,1323
4.149092592592593,28.85,1324
2.3845384615384617,28.83,1325
2.3845384615384617,28.81,1326
2.3845384615384617,28.79,1327
2.6034727272727274,28.76,1328
2.6034727272727274,28.74,1329
2.6034727272727274,28.72,1330
2.6708421052631586,28.7,1331
2.6708421052631586,28.68,1332
2.6708421052631586,28.65,1333
2.4579375000000003,28.63,1334
2.4579375000000003,28.61,1335
2.4579375000000003,28.59,1336
2.3991794871794867,28.57,1337
2.3991794871794867,28.54,1338
2.3991794871794867,28.52,1339
2.49947619047619,28.5,1340
2.49947619047619,28.48,1341
2.49947619047619,28.46,1342
2.336387096774193,28.43,1343
2.336387096774193,28.41,1344
2.336387096774193,28.39,1345
2.6205121951219517,28.37,1346
2.6205121951219517,28.35,1347
2.6205121951219517,28.33,1348
2.3931860465116284,28.3,1349
2.3931860465116284,28.28,1350
2.3931860465116284,28.26,1351
2.609282608695653,28.24,1352
2.609282608695653,28.22,1353
2.609282608695653,28.2,1354
4.623142857142857,28.18,1355
4.623142857142857,28.16,1356
4.623142857142857,28.14,1357
4.358326923076922,28.12,1358
4.358326923076922,28.1,1359
4.358326923076922,28.08,1360
4.832040000000001,28.06,1361
4.832040000000001,28.04,1362
4.832040000000001,28.02,1363
4.644375000000002,28.0,1364
4.644375000000002,27.98,1365
4.644375000000002,27.97,1366
3.05260975609756,27.94,1367
3.05260975609756,27.92,1368
3.05260975609756,27.9,1369
2.8558444444444437,27.88,1370
2.8558444444444437,27.86,1371
2.8558444444444437,27.84,1372
7.611517241379311,27.83,1373
7.611517241379311,27.81,1374
7.611517241379311,27.79,1375
7.026125,27.78,1376
7.026125,27.76,1377
7.026125,27.74,1378
6.005150000000001,27.72,1379
6.005150000000001,27.71,1380
6.005150000000001,27.69,1381
5.385313725490198,27.67,1382
5.385313725490198,27.65,1383
5.385313725490198,27.64,1384
2.37176,27.61,1385
2.37176,27.59,1386
2.37176,27.57,1387
7.727955882352942,27.56,1388
7.727955882352942,27.54,1389
7.727955882352942,27.53,1390
10.754499999999993,27.51,1391
10.754499999999993,27.5,1392
10.754499999999993,27.49,1393
11.190279411764699,27.47,1394
11.190279411764699,27.46,1395
11.190279411764699,27.45,1396
7.008277777777778,27.43,1397
7.008277777777778,27.41,1398
7.008277777777778,27.4,1399
8.116936170212764,27.38,1400
8.116936170212764,27.37,1401
8.116936170212764,27.35,1402
3.1753023255813955,27.33,1403
3.1753023255813955,27.31,1404
3.1753023255813955,27.29,1405
3.2246046511627906,27.27,1406
3.2246046511627906,27.26,1407
3.2246046511627906,27.24,1408
3.179043478260869,27.22,1409
3.179043478260869,27.2,1410
3.179043478260869,27.18,1411
4.444744680851064,27.16,1412
4.444744680851064,27.14,1413
4.444744680851064,27.12,1414
4.830794871794871,27.11,1415
4.830794871794871,27.09,1416
4.830794871794871,27.07,1417
6.927843749999998,27.06,1418
6.927843749999998,27.04,1419
6.927843749999998,27.02,1420
6.520225806451611,27.01,1421
6.520225806451611,26.99,1422
6.520225806451611,26.98,1423
5.744105263157894,26.96,1424
5.744105263157894,26.94,1425
5.744105263157894,26.93,1426
3.9231162790697685,26.91,1427
3.9231162790697685,26.89,1428
3.9231162790697685,26.87,1429
3.6641555555555563,26.85,1430
3.6641555555555563,26.84,1431
3.6641555555555563,26.82,1432
2.455975,26.8,1433
2.455975,26.78,1434
2.455975,26.76,1435
12.525500000000001,26.75,1436
12.525500000000001,26.74,1437
12.525500000000001,26.73,1438
13.97846428571429,26.72,1439
13.97846428571429,26.71,1440
13.97846428571429,26.7,1441
16.80078481012658,26.69,1442
16.80078481012658,26.68,1443
16.80078481012658,26.68,1444
12.8344125,26.67,1445
12.8344125,26.65,1446
12.8344125,26.64,1447
25.688400000000012,26.64,1448
25.688400000000012,26.64,1449
25.688400000000012,26.64,1450
20.54445833333334,26.64,1451
20.54445833333334,26.63,1452
20.54445833333334,26.63,1453
37.06102298850576,26.64,1454
37.06102298850576,26.64,1455
37.06102298850576,26.65,1456
23.34913,26.65,1457
23.34913,26.65,1458
23.34913,26.64,1459
38.42795604395603,26.65,1460
38.42795604395603,26.66,1461
38.42795604395603,26.67,1462
29.968850000000007,26.67,1463
29.968850000000007,26.68,1464
29.968850000000007,26.68,1465
31.61774489795919,26.68,1466
31.61774489795919,26.69,1467
31.61774489795919,26.69,1468
30.072279999999992,26.69,1469
30.072279999999992,26.69,1470
30.072279999999992,26.7,1471
37.22383529411765,26.71,1472
37.22383529411765,26.71,1473
37.22383529411765,26.72,1474
76.40106000000002,26.76,1475
76.40106000000002,26.8,1476
76.40106000000002,26.83,1477
81.9966818181818,26.87,1478
81.9966818181818,26.92,1479
81.9966818181818,26.96,1480
57.10101,26.98,1481
57.10101,27.0,1482
57.10101,27.03,1483
67.8434946236559,27.06,1484
67.8434946236559,27.09,1485
67.8434946236559,27.12,1486
74.96503,27.15,1487
74.96503,27.19,1488
74.96503,27.22,1489
88.24568000000001,27.27,1490
88.24568000000001,27.32,1491
88.24568000000001,27.36,1492
79.93648000000002,27.4,1493
79.93648000000002,27.44,1494
79.93648000000002,27.48,1495
43.28178999999997,27.49,1496
43.28178999999997,27.5,1497
43.28178999999997,27.51,1498
40.3117,27.52,1499
40.3117,27.53,1500
40.3117,27.54,1501
33.81617000000001,27.55,1502
33.81617000000001,27.55,1503
33.81617000000001,27.56,1504
60.8353367346939,27.58,1505
60.8353367346939,27.6,1506
60.8353367346939,27.63,1507
53.09878999999997,27.65,1508
53.09878999999997,27.67,1509
53.09878999999997,27.68,1510
57.469919999999995,27.71,1511
57.469919999999995,27.73,1512
57.469919999999995,27.75,1513
27.123670000000008,27.75,1514
27.123670000000008,27.75,1515
27.123670000000008,27.75,1516
27.52230612244898,27.75,1517
27.52230612244898,27.75,1518
27.52230612244898,27.75,1519
17.39029,27.74,1520
17.39029,27.73,1521
17.39029,27.73,1522
16.239099999999993,27.72,1523
16.239099999999993,27.71,1524
16.239099999999993,27.7,1525
17.907292682926826,27.69,1526
17.907292682926826,27.69,1527
17.907292682926826,27.68,1528
19.954094594594583,27.67,1529
19.954094594594583,27.67,1530
19.954094594594583,27.66,1531
17.930454545454538,27.66,1532
17.930454545454538,27.65,1533
17.930454545454538,27.64,1534
28.522098765432087,27.64,1535
28.522098765432087,27.64,1536
28.522098765432087,27.64,1537
22.3914375,27.64,1538
22.3914375,27.64,1539
22.3914375,27.63,1540
24.122000000000003,27.63,1541
24.122000000000003,27.63,1542
24.122000000000003,27.62,1543
19.40710588235294,27.62,1544
19.40710588235294,27.61,1545
19.40710588235294,27.61,1546
13.409740259740262,27.6,1547
13.409740259740262,27.59,1548
13.409740259740262,27.58,1549
17.704098591549297,27.57,1550
17.704098591549297,27.56,1551
17.704098591549297,27.56,1552
14.205537313432835,27.55,1553
14.205537313432835,27.54,1554
14.205537313432835,27.53,1555
15.106885714285713,27.52,1556
15.106885714285713,27.51,1557
15.106885714285713,27.5,1558
19.441581081081086,27.49,1559
19.441581081081086,27.49,1560
19.441581081081086,27.48,1561
23.39143181818182,27.48,1562
23.39143181818182,27.48,1563
23.39143181818182,27.47,1564
38.00579518072289,27.48,1565
38.00579518072289,27.49,1566
38.00579518072289,27.5,1567
52.07034020618556,27.51,1568
52.07034020618556,27.53,1569
52.07034020618556,27.55,1570
48.235149425287354,27.56,1571
48.235149425287354,27.58,1572
48.235149425287354,27.59,1573
81.86338709677419,27.63,1574
81.86338709677419,27.67,1575
81.86338709677419,27.71,1576
71.92378823529411,27.74,1577
71.92378823529411,27.77,1578
71.92378823529411,27.8,1579
52.55696000000001,27.82,1580
52.55696000000001,27.83,1581
52.55696000000001,27.85,1582
45.167999999999985,27.86,1583
45.167999999999985,27.88,1584
45.167999999999985,27.89,1585
33.408619999999985,27.89,1586
33.408619999999985,27.89,1587
33.408619999999985,27.9,1588
44.016399999999976,27.91,1589
44.016399999999976,27.92,1590
44.016399999999976,27.93,1591
39.66260999999999,27.94,1592
39.66260999999999,27.95,1593
39.66260999999999,27.96,1594
23.283829999999995,27.95,1595
23.283829999999995,27.95,1596
23.283829999999995,27.95,1597
16.863950000000003,27.94,1598
16.863950000000003,27.93,1599
16.863950000000003,27.92,1600
9.514510000000001,27.91,1601
9.514510000000001,27.9,1602
9.514510000000001,27.89,1603
10.006395604395605,27.87,1604
10.006395604395605,27.86,1605
10.006395604395605,27.85,1606
6.793221052631577,27.83,1607
6.793221052631577,27.82,1608
6.793221052631577,27.81,1609
4.495796875,27.79,1610
4.495796875,27.77,1611
4.495796875,27.76,1612
5.58382608695652,27.74,1613
5.58382608695652,27.73,1614
5.58382608695652,27.71,1615
4.744744186046512,27.7,1616
4.744744186046512,27.68,1617
4.744744186046512,27.67,1618
4.636425531914893,27.65,1619
4.636425531914893,27.63,1620
4.636425531914893,27.62,1621
4.488767441860465,27.6,1622
4.488767441860465,27.59,1623
4.488767441860465,27.57,1624
6.297764705882351,27.56,1625
6.297764705882351,27.54,1626
6.297764705882351,27.53,1627
9.299568181818184,27.52,1628
9.299568181818184,27.5,1629
9.299568181818184,27.49,1630
13.400872727272725,27.48,1631
13.400872727272725,27.47,1632
13.400872727272725,27.46,1633
18.11888372093023,27.46,1634
18.11888372093023,27.45,1635
18.11888372093023,27.44,1636
10.909617021276592,27.43,1637
10.909617021276592,27.42,1638
10.909617021276592,27.41,1639
13.641875000000002,27.4,1640
13.641875000000002,27.39,1641
13.641875000000002,27.38,1642
18.93384507042254,27.38,1643
18.93384507042254,27.37,1644
18.93384507042254,27.37,1645
20.70970967741935,27.36,1646
20.70970967741935,27.36,1647
20.70970967741935,27.35,1648
16.17930927835052,27.35,1649
16.17930927835052,27.34,1650
16.17930927835052,27.33,1651
10.106629629629623,27.32,1652
10.106629629629623,27.31,1653
10.106629629629623,27.3,1654
21.742370000000005,27.29,1655
21.742370000000005,27.29,1656
21.742370000000005,27.29,1657
36.07538,27.29,1658
36.07538,27.3,1659
36.07538,27.3,1660
79.02877000000001,27.34,1661
79.02877000000001,27.37,1662
79.02877000000001,27.41,1663
76.71419191919192,27.44,1664
76.71419191919192,27.47,1665
76.71419191919192,27.5,1666
102.44143000000003,27.55,1667
102.44143000000003,27.6,1668
102.44143000000003,27.65,1669
61.241820000000004,27.67,1670
61.241820000000004,27.7,1671
61.241820000000004,27.72,1672
125.34396,27.78,1673
125.34396,27.85,1674
125.34396,27.91,1675
136.67173000000003,27.98,1676
136.67173000000003,28.05,1677
136.67173000000003,28.12,1678
136.6208699999999,28.19,1679
136.6208699999999,28.26,1680
143.6208699999999,28.34,1681
143.78743999999995,28.41,1682
143.78743999999995,28.49,1683
143.78743999999995,28.57,1684
143.74177083333328,28.64,1685
143.74177083333328,28.71,1686
143.74177083333328,28.79,1687
110.71958999999997,28.84,1688
110.71958999999997,28.9,1689
110.71958999999997,28.95,1690
142.43187368421053,29.02,1691
142.43187368421053,29.1,1692
142.43187368421053,29.17,1693
143.95521000000005,29.24,1694
143.95521000000005,29.32,1695
143.95521000000005,29.39,1696
144.34128,29.47,1697
144.34128,29.54,1698
144.34128,29.61,1699
103.76840999999999,29.66,1700
103.76840999999999,29.71,1701
103.76840999999999,29.76,1702
144.92120000000003,29.83,1703
144.92120000000003,29.91,1704
144.92120000000003,29.98,1705
100.52176000000003,30.03,1706
100.52176000000003,30.07,1707
100.52176000000003,30.12,1708
86.42096842105259,30.15,1709
86.42096842105259,30.19,1710
86.42096842105259,30.22,1711
36.64975999999997,30.23,1712
36.64975999999997,30.23,1713
36.64975999999997,30.24,1714
33.28357575757575,30.24,1715
33.28357575757575,30.24,1716
33.28357575757575,30.24,1717
21.09677894736843,30.24,1718
21.09677894736843,30.23,1719
21.09677894736843,30.22,1720
18.766323529411768,30.22,1721
18.766323529411768,30.21,1722
18.766323529411768,30.2,1723
8.755449275362324,30.19,1724
8.755449275362324,30.18,1725
8.755449275362324,30.16,1726
5.77432786885246,30.15,1727
5.77432786885246,30.13,1728
5.77432786885246,30.12,1729
4.947399999999999,30.1,1730
4.947399999999999,30.08,1731
4.947399999999999,30.07,1732
0.0,30.05,1733
0.0,30.03,1734
0.0,30.01,1735
7.728526315789474,30.0,1736
7.728526315789474,29.98,1737
7.728526315789474,29.97,1738
6.461137931034482,29.95,1739
6.461137931034482,29.94,1740
6.461137931034482,29.92,1741
5.317681818181819,29.91,1742
5.317681818181819,29.89,1743
5.317681818181819,29.88,1744
3.289976190476191,29.86,1745
3.289976190476191,29.85,1746
3.289976190476191,29.83,1747
5.203243243243244,29.81,1748
5.203243243243244,29.8,1749
5.203243243243244,29.78,1750
6.633916666666666,29.77,1751
6.633916666666666,29.75,1752
6.633916666666666,29.74,1753
6.931562499999999,29.72,1754
6.931562499999999,29.71,1755
6.931562499999999,29.7,1756
7.300999999999999,29.68,1757
7.300999999999999,29.67,1758
7.300999999999999,29.65,1759
2.940272727272727,29.64,1760
2.940272727272727,29.62,1761
2.940272727272727,29.61,1762
2.850022727272728,29.59,1763
2.850022727272728,29.57,1764
2.850022727272728,29.56,1765
2.8515777777777775,29.54,1766
2.8515777777777775,29.52,1767
2.8515777777777775,29.51,1768
2.807372549019608,29.49,1769
2.807372549019608,29.47,1770
2.807372549019608,29.46,1771
3.062121951219512,29.44,1772
3.062121951219512,29.42,1773
3.062121951219512,29.41,1774
3.8674897959183685,29.39,1775
3.8674897959183685,29.38,1776
3.8674897959183685,29.36,1777
5.442738095238095,29.35,1778
5.442738095238095,29.33,1779
5.442738095238095,29.32,1780
4.973803921568627,29.3,1781
4.973803921568627,29.29,1782
4.973803921568627,29.27,1783
6.96457142857143,29.26,1784
6.96457142857143,29.24,1785
6.96457142857143,29.23,1786
5.271339999999998,29.22,1787
5.271339999999998,29.2,1788
5.271339999999998,29.19,1789
5.853868421052631,29.17,1790
5.853868421052631,29.16,1791
5.853868421052631,29.14,1792
8.36040425531915,29.13,1793
8.36040425531915,29.12,1794
8.36040425531915,29.11,1795
6.73725641025641,29.09,1796
6.73725641025641,29.08,1797
6.73725641025641,29.07,1798
6.315023809523811,29.05,1799
6.315023809523811,29.04,1800
6.315023809523811,29.02,1801
2.3371463414634146,29.01,1802
2.3371463414634146,28.99,1803
2.3371463414634146,28.98,1804
2.609567567567568,28.96,1805
2.609567567567568,28.94,1806
2.609567567567568,28.93,1807
2.6187619047619055,28.91,1808
2.6187619047619055,28.9,1809
2.6187619047619055,28.88,1810
3.209185185185185,28.87,1811
3.209185185185185,28.85,1812
3.209185185185185,28.84,1813
3.3289761904761908,28.82,1814
3.3289761904761908,28.8,1815
3.3289761904761908,28.79,1816
3.2043469387755104,28.77,1817
3.2043469387755104,28.76,1818
3.2043469387755104,28.74,1819
2.410342857142857,28.73,1820
2.410342857142857,28.71,1821
2.410342857142857,28.7,1822
3.0202424242424244,28.68,1823
3.0202424242424244,28.67,1824
3.0202424242424244,28.65,1825
8.98245454545455,28.64,1826
8.98245454545455,28.63,1827
8.98245454545455,28.61,1828
8.089722222222223,28.6,1829
8.089722222222223,28.59,1830
8.089722222222223,28.58,1831
9.146177777777778,28.57,1832
9.146177777777778,28.56,1833
9.146177777777778,28.54,1834
7.620379310344829,28.53,1835
7.620379310344829,28.52,1836
7.620379310344829,28.51,1837
2.567048780487805,28.49,1838
2.567048780487805,28.48,1839
2.567048780487805,28.46,1840
2.8036458333333325,28.45,1841
2.8036458333333325,28.43,1842
2.8036458333333325,28.42,1843
2.592627906976744,28.4,1844
2.592627906976744,28.38,1845
2.592627906976744,28.37,1846
2.4060208333333333,28.35,1847
2.4060208333333333,28.34,1848
2.4060208333333333,28.32,1849
2.2582702702702706,28.31,1850
2.2582702702702706,28.29,1851
2.2582702702702706,28.28,1852
6.34163829787234,28.26,1853
6.34163829787234,28.25,1854
6.34163829787234,28.24,1855
6.785547619047619,28.23,1856
6.785547619047619,28.21,1857
6.785547619047619,28.2,1858
6.641019607843138,28.19,1859
6.641019607843138,28.18,1860
6.641019607843138,28.16,1861
4.710355555555554,28.15,1862
4.710355555555554,28.14,1863
4.710355555555554,28.12,1864
5.6867096774193575,28.11,1865
5.6867096774193575,28.1,1866
5.6867096774193575,28.08,1867
5.427650793650798,28.07,1868
5.427650793650798,28.06,1869
5.427650793650798,28.04,1870
10.472800000000005,28.03,1871
10.472800000000005,28.02,1872
10.472800000000005,28.01,1873
12.490050000000002,28.0,1874
12.490050000000002,28.0,1875
12.490050000000002,27.99,1876
9.655,27.98,1877
9.655,27.97,1878
9.655,27.95,1879
2.707911764705882,27.94,1880
2.707911764705882,27.93,1881
2.707911764705882,27.91,1882
7.044720930232557,27.9,1883
7.044720930232557,27.89,1884
7.044720930232557,27.87,1885
7.401025,27.86,1886
7.401025,27.85,1887
7.401025,27.84,1888
7.067458333333334,27.83,1889
7.067458333333334,27.82,1890
7.067458333333334,27.8,1891
3.0998958333333335,27.79,1892
3.0998958333333335,27.78,1893
3.0998958333333335,27.76,1894
7.528574468085106,27.75,1895
7.528574468085106,27.74,1896
7.528574468085106,27.73,1897
6.023571428571428,27.71,1898
6.023571428571428,27.7,1899
6.023571428571428,27.69,1900
9.86555737704918,27.68,1901
9.86555737704918,27.67,1902
9.86555737704918,27.66,1903
6.268920634920635,27.65,1904
6.268920634920635,27.63,1905
6.268920634920635,27.62,1906
12.759527777777777,27.61,1907
12.759527777777777,27.61,1908
12.759527777777777,27.6,1909
10.221576923076919,27.59,1910
10.221576923076919,27.58,1911
10.221576923076919,27.57,1912
18.141714285714286,27.56,1913
18.141714285714286,27.56,1914
18.141714285714286,27.55,1915
13.489045454545455,27.54,1916
13.489045454545455,27.54,1917
13.489045454545455,27.53,1918
33.15856000000001,27.53,1919
33.15856000000001,27.53,1920
33.15856000000001,27.54,1921
29.108619999999995,27.54,1922
29.108619999999995,27.54,1923
29.108619999999995,27.54,1924
38.59959183673469,27.55,1925
38.59959183673469,27.55,1926
38.59959183673469,27.56,1927
28.08532999999999,27.56,1928
28.08532999999999,27.56,1929
28.08532999999999,27.56,1930
64.8221111111111,27.58,1931
64.8221111111111,27.6,1932
64.8221111111111,27.62,1933
62.821169999999995,27.64,1934
62.821169999999995,27.66,1935
62.821169999999995,27.68,1936
99.44237999999997,27.72,1937
99.44237999999997,27.76,1938
99.44237999999997,27.8,1939
83.5009,27.83,1940
83.5009,27.86,1941
83.5009,27.89,1942
138.89856,27.96,1943
138.89856,28.02,1944
138.89856,28.08,1945
113.21355,28.13,1946
113.21355,28.17,1947
113.21355,28.22,1948
125.30423,28.28,1949
125.30423,28.33,1950
125.30423,28.38,1951
92.71392,28.42,1952
92.71392,28.45,1953
92.71392,28.49,1954
87.24649000000001,28.52,1955
87.24649000000001,28.56,1956
87.24649000000001,28.59,1957
50.92955999999998,28.6,1958
50.92955999999998,28.61,1959
50.92955999999998,28.63,1960
43.71052000000002,28.63,1961
43.71052000000002,28.64,1962
43.71052000000002,28.65,1963
42.022119999999994,28.66,1964
42.022119999999994,28.66,1965
42.022119999999994,28.67,1966
42.02833,28.68,1967
42.02833,28.69,1968
42.02833,28.69,1969
51.18630999999999,28.71,1970
51.18630999999999,28.72,1971
51.18630999999999,28.73,1972
41.7279,28.74,1973
41.7279,28.75,1974
41.7279,28.75,1975
36.54648888888889,28.76,1976
36.54648888888889,28.76,1977
36.54648888888889,28.77,1978
17.41273863636364,28.76,1979
17.41273863636364,28.75,1980
17.41273863636364,28.75,1981
14.534535714285715,28.74,1982
14.534535714285715,28.73,1983
14.534535714285715,28.72,1984
12.96734375,28.71,1985
12.96734375,28.71,1986
12.96734375,28.7,1987
25.66955681818182,28.7,1988
25.66955681818182,28.69,1989
25.66955681818182,28.69,1990
20.53035,28.69,1991
20.53035,28.68,1992
20.53035,28.68,1993
41.618797979797975,28.69,1994
41.618797979797975,28.69,1995
41.618797979797975,28.7,1996
36.09198999999998,28.7,1997
36.09198999999998,28.71,1998
36.09198999999998,28.71,1999
54.444804347826114,28.73,2000
54.444804347826114,28.74,2001
54.444804347826114,28.75,2002
51.455679999999994,28.77,2003
51.455679999999994,28.78,2004
51.455679999999994,28.79,2005
59.16331707317072,28.81,2006
59.16331707317072,28.82,2007
59.16331707317072,28.84,2008
45.126169999999995,28.85,2009
45.126169999999995,28.86,2010
45.126169999999995,28.87,2011
26.133701298701297,28.86,2012
26.133701298701297,28.86,2013
26.133701298701297,28.86,2014
25.502752577319594,28.86,2015
25.502752577319594,28.86,2016
25.502752577319594,28.86,2017
24.11929545454545,28.85,2018
24.11929545454545,28.85,2019
24.11929545454545,28.85,2020
20.51959782608696,28.84,2021
20.51959782608696,28.84,2022
20.51959782608696,28.84,2023
21.712602739726027,28.83,2024
21.712602739726027,28.83,2025
21.712602739726027,28.82,2026
21.766142857142864,28.82,2027
21.766142857142864,28.82,2028
21.766142857142864,28.81,2029
21.182986301369862,28.81,2030
21.182986301369862,28.8,2031
21.182986301369862,28.8,2032
19.663009999999993,28.8,2033
19.663009999999993,28.79,2034
19.663009999999993,28.79,2035
15.2378,28.78,2036
15.2378,28.77,2037
15.2378,28.76,2038
22.57316,28.76,2039
22.57316,28.76,2040
22.57316,28.75,2041
27.693300000000004,28.75,2042
27.693300000000004,28.75,2043
27.693300000000004,28.75,2044
36.421530000000004,28.76,2045
36.421530000000004,28.76,2046
36.421530000000004,28.77,2047
34.75463,28.77,2048
34.75463,28.77,2049
34.75463,28.77,2050
52.559330000000024,28.79,2051
52.559330000000024,28.8,2052
52.559330000000024,28.81,2053
51.64697000000004,28.82,2054
51.64697000000004,28.84,2055
51.64697000000004,28.85,2056
47.935500000000026,28.86,2057
47.935500000000026,28.87,2058
47.935500000000026,28.88,2059
12.842451612903226,28.87,2060
12.842451612903226,28.86,2061
12.842451612903226,28.85,2062
23.606635294117652,28.85,2063
23.606635294117652,28.85,2064
23.606635294117652,28.84,2065
25.230091954022996,28.84,2066
25.230091954022996,28.84,2067
25.230091954022996,28.84,2068
41.97664864864866,28.85,2069
41.97664864864866,28.85,2070
41.97664864864866,28.86,2071
25.810168539325836,28.86,2072
25.810168539325836,28.86,2073
25.810168539325836,28.85,2074
22.134013333333325,28.85,2075
22.134013333333325,28.85,2076
22.134013333333325,28.84,2077
5.592438356164384,28.83,2078
5.592438356164384,28.82,2079
5.592438356164384,28.81,2080
5.100018518518518,28.8,2081
5.100018518518518,28.78,2082
5.100018518518518,28.77,2083
5.121859649122807,28.76,2084
5.121859649122807,28.75,2085
5.121859649122807,28.73,2086
3.4929361702127673,28.72,2087
3.4929361702127673,28.71,2088
3.4929361702127673,28.7,2089
3.236339285714286,28.68,2090
3.236339285714286,28.67,2091
3.236339285714286,28.66,2092
11.097363636363637,28.65,2093
11.097363636363637,28.64,2094
11.097363636363637,28.63,2095
8.67655,28.62,2096
8.67655,28.61,2097
8.67655,28.6,2098
10.826022222222223,28.59,2099
10.826022222222223,28.58,2100
10.826022222222223,28.57,2101
9.26275925925926,28.56,2102
9.26275925925926,28.55,2103
9.26275925925926,28.54,2104
37.62158928571428,28.55,2105
37.62158928571428,28.55,2106
37.62158928571428,28.56,2107
43.69182857142857,28.56,2108
43.69182857142857,28.57,2109
43.69182857142857,28.58,2110
69.68463157894737,28.6,2111
69.68463157894737,28.62,2112
69.68463157894737,28.64,2113
54.042240000000014,28.65,2114
54.042240000000014,28.67,2115
54.042240000000014,28.68,2116
51.644670000000026,28.69,2117
51.644670000000026,28.7,2118
51.644670000000026,28.72,2119
28.506269999999994,28.72,2120
28.506269999999994,28.71,2121
28.506269999999994,28.71,2122
48.76187234042554,28.73,2123
48.76187234042554,28.74,2124
48.76187234042554,28.75,2125
70.66260999999999,28.77,2126
70.66260999999999,28.79,2127
70.66260999999999,28.81,2128
89.76763636363634,28.84,2129
89.76763636363634,28.87,2130
89.76763636363634,28.9,2131
87.25649,28.93,2132
87.25649,28.96,2133
87.25649,28.99,2134
76.02759999999999,29.01,2135
76.02759999999999,29.04,2136
76.02759999999999,29.06,2137
95.45997,29.09,2138
95.45997,29.13,2139
95.45997,29.16,2140
107.69181111111108,29.2,2141
107.69181111111108,29.24,2142
107.69181111111108,29.28,2143
91.81463829787234,29.31,2144
91.81463829787234,29.34,2145
91.81463829787234,29.37,2146
51.19585869565217,29.38,2147
51.19585869565217,29.39,2148
51.19585869565217,29.41,2149
93.94819101123592,29.44,2150
93.94819101123592,29.47,2151
93.94819101123592,29.5,2152
113.35161000000004,29.54,2153
113.35161000000004,29.59,2154
113.35161000000004,29.63,2155
139.5247368421053,29.68,2156
139.5247368421053,29.74,2157
139.5247368421053,29.79,2158
133.34425000000005,29.84,2159
133.34425000000005,29.89,2160
133.34425000000005,29.95,2161
140.23662068965518,30.0,2162
140.23662068965518,30.06,2163
140.23662068965518,30.11,2164
123.2730714285714,30.16,2165
123.2730714285714,30.2,2166
123.2730714285714,30.25,2167
98.26748192771082,30.28,2168
98.26748192771082,30.32,2169
98.26748192771082,30.35,2170
78.64192999999999,30.37,2171
78.64192999999999,30.4,2172
78.64192999999999,30.42,2173
42.321266666666666,30.43,2174
42.321266666666666,30.43,2175
42.321266666666666,30.44,2176
25.710830000000005,30.44,2177
25.710830000000005,30.43,2178
25.710830000000005,30.43,2179
28.12294252873563,30.43,2180
28.12294252873563,30.43,2181
28.12294252873563,30.43,2182
21.656709999999993,30.42,2183
21.656709999999993,30.42,2184
21.656709999999993,30.42,2185
20.86562790697674,30.41,2186
20.86562790697674,30.41,2187
20.86562790697674,30.4,2188
26.804927710843376,30.4,2189
26.804927710843376,30.4,2190
26.804927710843376,30.4,2191
27.032000000000004,30.39,2192
27.032000000000004,30.39,2193
27.032000000000004,30.39,2194
25.63284285714287,30.39,2195
25.63284285714287,30.39,2196
25.63284285714287,30.38,2197
0.0,30.37,2198
0.0,30.35,2199
0.0,30.34,2200
8.74178947368421,30.33,2201
8.74178947368421,30.32,2202
8.74178947368421,30.31,2203
12.04730434782609,30.3,2204
12.04730434782609,30.29,2205
12.04730434782609,30.28,2206
9.317984615384615,30.27,2207
9.317984615384615,30.26,2208
9.317984615384615,30.25,2209
6.45261403508772,30.24,2210
6.45261403508772,30.23,2211
6.45261403508772,30.22,2212
2.370659999999999,30.2,2213
2.370659999999999,30.19,2214
2.370659999999999,30.18,2215
2.5782499999999993,30.16,2216
2.5782499999999993,30.15,2217
2.5782499999999993,30.14,2218
2.7143148148148146,30.12,2219
2.7143148148148146,30.11,2220
2.7143148148148146,30.1,2221
2.561,30.08,2222
2.561,30.07,2223
2.561,30.06,2224
2.6060909090909083,30.04,2225
2.6060909090909083,30.03,2226
2.6060909090909083,30.02,2227
2.2862432432432427,30.0,2228
2.2862432432432427,29.99,2229
2.2862432432432427,29.98,2230
2.982233333333333,29.96,2231
2.982233333333333,29.95,2232
2.982233333333333,29.94,2233
2.7645937499999995,29.92,2234
2.7645937499999995,29.91,2235
2.7645937499999995,29.9,2236
2.3295789473684216,29.89,2237
2.3295789473684216,29.87,2238
2.3295789473684216,29.86,2239
2.359767441860466,29.85,2240
2.359767441860466,29.83,2241
2.359767441860466,29.82,2242
2.343707317073171,29.81,2243
2.343707317073171,29.79,2244
2.343707317073171,29.78,2245
2.6338510638297876,29.77,2246
2.6338510638297876,29.75,2247
2.6338510638297876,29.74,2248
4.1663571428571435,29.73,2249
4.1663571428571435,29.72,2250
4.1663571428571435,29.71,2251
3.9523541666666655,29.69,2252
3.9523541666666655,29.68,2253
3.9523541666666655,29.67,2254
3.927649999999999,29.66,2255
3.927649999999999,29.64,2256
3.927649999999999,29.63,2257
6.476127659574469,29.62,2258
6.476127659574469,29.61,2259
6.476127659574469,29.6,2260
5.78808108108108,29.59,2261
5.78808108108108,29.58,2262
5.78808108108108,29.57,2263
5.644604651162788,29.55,2264
5.644604651162788,29.54,2265
5.644604651162788,29.53,2266
2.550051282051282,29.52,2267
2.550051282051282,29.51,2268
2.550051282051282,29.49,2269
2.626673076923077,29.48,2270
2.626673076923077,29.47,2271
2.626673076923077,29.46,2272
2.4147826086956523,29.44,2273
2.4147826086956523,29.43,2274
2.4147826086956523,29.42,2275
2.3700943396226424,29.4,2276
2.3700943396226424,29.39,2277
2.3700943396226424,29.38,2278
2.6276666666666673,29.37,2279
2.6276666666666673,29.35,2280
2.6276666666666673,29.34,2281
2.4153255813953485,29.33,2282
2.4153255813953485,29.32,2283
2.4153255813953485,29.3,2284
4.032729729729729,29.29,2285
4.032729729729729,29.28,2286
4.032729729729729,29.27,2287
4.318340909090909,29.26,2288
4.318340909090909,29.24,2289
4.318340909090909,29.23,2290
4.595999999999998,29.22,2291
4.595999999999998,29.21,2292
4.595999999999998,29.2,2293
4.099534883720931,29.19,2294
4.099534883720931,29.18,2295
4.099534883720931,29.16,2296
3.534194444444444,29.15,2297
3.534194444444444,29.14,2298
3.534194444444444,29.13,2299
3.4491351351351343,29.12,2300
3.4491351351351343,29.1,2301
3.4491351351351343,29.09,2302
3.399052631578947,29.08,2303
3.399052631578947,29.07,2304
3.399052631578947,29.06,2305
3.685125,29.04,2306
3.685125,29.03,2307
3.685125,29.02,2308
2.203027027027027,29.01,2309
2.203027027027027,29.0,2310
